FID,Soil_Salin,sel_no,lat,lon,b1_Band,b2_Band,b3_Band,b4_Band,b5_Band,b6_Band,b7_Band,b8_Band,b9_Band,b1_ReBand,b2_ReBand,b3_ReBand,b4_ReBand,b5_ReBand,b6_ReBand,b7_ReBand,b8_ReBand,b9_ReBand
0,3.97,78,22.50372,89.11397,-9999,-9999,-9999,-9999,-9999,-9999,-9999,-9999,-9999,0.079180002,0.107821003,0.111368999,0.157706007,0.200441003,0.164554,-0.199998006,-0.200002,-0.199999005
1,2.01,79,22.504143,89.113941,-9999,-9999,-9999,-9999,-9999,-9999,-9999,-9999,-9999,0.079839997,0.108165003,0.111561,0.165722996,0.209159002,0.173133999,-0.199998006,-0.200002,-0.199999005
2,1,80,22.504583,89.113935,-9999,-9999,-9999,-9999,-9999,-9999,-9999,-9999,-9999,0.078753702,0.102802999,0.099626303,0.149400994,0.136915997,0.101729997,-0.199998006,-0.199999005,-0.199998006
3,3.77,82,22.503483,89.113472,-9999,-9999,-9999,-9999,-9999,-9999,-9999,-9999,-9999,0.079647496,0.107821003,0.110914998,0.156069994,0.190651,0.154625997,-0.199998006,-0.200001001,-0.199999005
4,2.56,83,22.503918,89.113495,-9999,-9999,-9999,-9999,-9999,-9999,-9999,-9999,-9999,-9999,-9999,-9999,-9999,-9999,-9999,-9999,-9999,-9999
5,1.92,84,22.504302,89.1135,-9999,-9999,-9999,-9999,-9999,-9999,-9999,-9999,-9999,-9999,-9999,-9999,-9999,-9999,-9999,-9999,-9999,-9999
6,2.48,85,22.504597,89.113582,-9999,-9999,-9999,-9999,-9999,-9999,-9999,-9999,-9999,0.082356296,0.104438998,0.102609999,0.148934007,0.139487997,0.108055003,-0.199998006,-0.200000003,-0.199999005
7,3.74,86,22.503574,89.111895,0.073954999,0.097632498,0.092201203,0.103160001,0.066502497,0.049095001,-0.199999005,-0.199998006,-0.199999005,-9999,-9999,-9999,-9999,-9999,-9999,-9999,-9999,-9999
8,2.47,87,22.503881,89.111912,-9999,-9999,-9999,-9999,-9999,-9999,-9999,-9999,-9999,-9999,-9999,-9999,-9999,-9999,-9999,-9999,-9999,-9999
9,3.24,88,22.50431,89.111995,0.071672499,0.098416202,0.097577497,0.130797997,0.129711002,0.094360001,-0.199999005,-0.200000003,-0.199998006,-9999,-9999,-9999,-9999,-9999,-9999,-9999,-9999,-9999
10,3.43,89,22.503391,89.111009,0.073927499,0.099997498,0.098361202,0.125984997,0.119741999,0.086481303,-0.199999005,-0.200000003,-0.199998006,-9999,-9999,-9999,-9999,-9999,-9999,-9999,-9999,-9999
11,2.53,90,22.50403,89.111073,-9999,-9999,-9999,-9999,-9999,-9999,-9999,-9999,-9999,0.077804998,0.103298001,0.102747001,0.142471001,0.143942997,0.103023,-0.199998006,-0.200000003,-0.199998006
12,3.16,91,22.504458,89.111147,0.074560001,0.100768,0.096188702,0.144560993,0.115672,0.077337503,-0.199998006,-0.199999005,-0.199998006,-9999,-9999,-9999,-9999,-9999,-9999,-9999,-9999,-9999
13,3.66,92,22.504461,89.110537,0.072648697,0.099392503,0.094662502,0.130674005,0.106060997,0.071906298,-0.199998006,-0.199999005,-0.199998006,-9999,-9999,-9999,-9999,-9999,-9999,-9999,-9999,-9999
14,2.18,81,22.503132,89.1135,-9999,-9999,-9999,-9999,-9999,-9999,-9999,-9999,-9999,0.078905001,0.107023999,0.108411998,0.139446005,0.146500006,0.116305001,-0.199999005,-0.200000003,-0.199999005
15,3.35,2,22.487633,89.02095,-9999,-9999,-9999,-9999,-9999,-9999,-9999,-9999,-9999,-9999,-9999,-9999,-9999,-9999,-9999,-9999,-9999,-9999
16,5.18,3,22.487486,89.021254,0.0676025,0.096670002,0.097879998,0.143089995,0.126012996,0.087897502,-0.199998006,-0.199999005,-0.199998006,-9999,-9999,-9999,-9999,-9999,-9999,-9999,-9999,-9999
17,5.89,6,22.487983,89.020367,-9999,-9999,-9999,-9999,-9999,-9999,-9999,-9999,-9999,-9999,-9999,-9999,-9999,-9999,-9999,-9999,-9999,-9999
18,5.43,7,22.4884,89.020267,-9999,-9999,-9999,-9999,-9999,-9999,-9999,-9999,-9999,0.071754999,0.106844999,0.115975,0.191214994,0.241347998,0.200344995,-0.199996993,-0.200002,-0.199999005
19,5.29,8,22.489183,89.02025,-9999,-9999,-9999,-9999,-9999,-9999,-9999,-9999,-9999,-9999,-9999,-9999,-9999,-9999,-9999,-9999,-9999,-9999
20,4.15,9,22.489933,89.02025,-9999,-9999,-9999,-9999,-9999,-9999,-9999,-9999,-9999,-9999,-9999,-9999,-9999,-9999,-9999,-9999,-9999,-9999
21,5.01,10,22.490733,89.021217,-9999,-9999,-9999,-9999,-9999,-9999,-9999,-9999,-9999,0.069169998,0.103874996,0.109705001,0.189152002,0.196962997,0.141770005,-0.199996993,-0.200000003,-0.199998006
22,5.51,13,22.49148,89.021277,-9999,-9999,-9999,-9999,-9999,-9999,-9999,-9999,-9999,0.076980002,0.105140001,0.109072,0.172405005,0.182139993,0.135004997,-0.199996993,-0.200000003,-0.199998006
23,3.65,14,22.491107,89.021239,-9999,-9999,-9999,-9999,-9999,-9999,-9999,-9999,-9999,0.062899999,0.100189999,0.103490002,0.172487006,0.17114,0.134702995,-0.199996993,-0.200000003,-0.199999005
24,3.98,1,22.487061,89.020898,-9999,-9999,-9999,-9999,-9999,-9999,-9999,-9999,-9999,-9999,-9999,-9999,-9999,-9999,-9999,-9999,-9999,-9999
25,6.8,4,22.487045,89.021201,-9999,-9999,-9999,-9999,-9999,-9999,-9999,-9999,-9999,0.085065,0.114848003,0.123043001,0.211290002,0.248964995,0.200702995,-0.199996993,-0.200001001,-0.199998006
26,0.88,5,22.486679,89.021131,-9999,-9999,-9999,-9999,-9999,-9999,-9999,-9999,-9999,0.083167501,0.114655003,0.125379995,0.222399995,0.26087299,0.218082994,-0.199995995,-0.200001001,-0.199999005
27,3.86,11,22.486854,89.022794,-9999,-9999,-9999,-9999,-9999,-9999,-9999,-9999,-9999,0.065842502,0.099777497,0.104424998,0.169269994,0.207962006,0.158792004,-0.199996993,-0.200001001,-0.199998006
28,4.73,12,22.48631,89.022789,-9999,-9999,-9999,-9999,-9999,-9999,-9999,-9999,-9999,0.076567501,0.107065,0.113059998,0.187282994,0.205157995,0.167400002,-0.199996993,-0.200001001,-0.199999005
29,5.37,15,22.48512,89.023521,-9999,-9999,-9999,-9999,-9999,-9999,-9999,-9999,-9999,0.070572503,0.100272,0.102224998,0.160168007,0.152357996,0.113224998,-0.199998006,-0.200000003,-0.199998006
30,1.59,16,22.484656,89.023514,-9999,-9999,-9999,-9999,-9999,-9999,-9999,-9999,-9999,0.088887498,0.112483002,0.120072,0.185440004,0.220667005,0.180545002,-0.199996993,-0.200001001,-0.199999005
31,3.55,17,22.483882,89.023299,0.059077501,0.092462502,0.090125002,0.117982,0.097384997,0.070517503,-0.199999005,-0.199999005,-0.199999005,-9999,-9999,-9999,-9999,-9999,-9999,-9999,-9999,-9999
32,3.04,18,22.484214,89.023335,-9999,-9999,-9999,-9999,-9999,-9999,-9999,-9999,-9999,-9999,-9999,-9999,-9999,-9999,-9999,-9999,-9999,-9999
33,2.61,19,22.483903,89.022631,0.060865,0.094250001,0.094827503,0.138909996,0.099007502,0.07423,-0.199998006,-0.199998006,-0.199999005,-9999,-9999,-9999,-9999,-9999,-9999,-9999,-9999,-9999
34,2.13,20,22.4843,89.022606,-9999,-9999,-9999,-9999,-9999,-9999,-9999,-9999,-9999,0.075714998,0.106761999,0.112235002,0.205157995,0.233207002,0.178757995,-0.199995995,-0.200001001,-0.199998006
35,3.04,21,22.483744,89.022378,-9999,-9999,-9999,-9999,-9999,-9999,-9999,-9999,-9999,0.070984997,0.104479998,0.111657999,0.174357995,0.208869994,0.158792004,-0.199996993,-0.200001001,-0.199998006
36,2.59,22,22.483758,89.021753,-9999,-9999,-9999,-9999,-9999,-9999,-9999,-9999,-9999,0.076375,0.103628002,0.10503,0.180792004,0.179692999,0.134372994,-0.199996993,-0.200000003,-0.199998006
37,2.81,23,22.483267,89.020994,-9999,-9999,-9999,-9999,-9999,-9999,-9999,-9999,-9999,0.084569998,0.113059998,0.12043,0.193277001,0.231997997,0.180572003,-0.199996993,-0.200001001,-0.199998006
38,1.54,24,22.483335,89.020514,-9999,-9999,-9999,-9999,-9999,-9999,-9999,-9999,-9999,-9999,-9999,-9999,-9999,-9999,-9999,-9999,-9999,-9999
39,2.97,25,22.483983,89.023083,-9999,-9999,-9999,-9999,-9999,-9999,-9999,-9999,-9999,0.070874996,0.103353001,0.108083002,0.176695004,0.202160001,0.162202999,-0.199996993,-0.200001001,-0.199999005
40,1.86,30,22.484478,89.01885,0.055034999,0.082067497,0.074752502,0.153237998,0.146115005,0.104286999,-0.199996993,-0.200000003,-0.199998006,-9999,-9999,-9999,-9999,-9999,-9999,-9999,-9999,-9999
41,1.48,31,22.48467,89.018858,0.055034999,0.082067497,0.074752502,0.153237998,0.146115005,0.104286999,-0.199996993,-0.200000003,-0.199998006,-9999,-9999,-9999,-9999,-9999,-9999,-9999,-9999,-9999
42,1.42,32,22.484489,89.0184,-9999,-9999,-9999,-9999,-9999,-9999,-9999,-9999,-9999,0.070132501,0.099337503,0.100134999,0.168994993,0.202105001,0.150570005,-0.199996993,-0.200001001,-0.199998006
43,1.07,33,22.485058,89.018386,-9999,-9999,-9999,-9999,-9999,-9999,-9999,-9999,-9999,-9999,-9999,-9999,-9999,-9999,-9999,-9999,-9999,-9999
44,2.1,34,22.484465,89.017977,0.070160002,0.095432498,0.093424998,0.140312001,0.110721998,0.076127499,-0.199998006,-0.199999005,-0.199998006,-9999,-9999,-9999,-9999,-9999,-9999,-9999,-9999,-9999
45,1.46,35,22.484917,89.018089,-9999,-9999,-9999,-9999,-9999,-9999,-9999,-9999,-9999,0.082479998,0.110639997,0.112510003,0.197402999,0.213792995,0.174384996,-0.199996993,-0.200001001,-0.199999005
46,2.61,36,22.484349,89.016993,-9999,-9999,-9999,-9999,-9999,-9999,-9999,-9999,-9999,0.075220004,0.104011998,0.106927,0.169737995,0.173313007,0.131347999,-0.199996993,-0.200000003,-0.199998006
47,1.99,37,22.484733,89.017037,-9999,-9999,-9999,-9999,-9999,-9999,-9999,-9999,-9999,0.089850001,0.117459998,0.122382,0.197072998,0.244124994,0.195256993,-0.199996993,-0.200002,-0.199998006
48,1.36,38,22.48508,89.01707,-9999,-9999,-9999,-9999,-9999,-9999,-9999,-9999,-9999,0.081572503,0.108165003,0.111299999,0.193800002,0.206477001,0.165667996,-0.199996993,-0.200000003,-0.199999005
49,2.38,39,22.484623,89.016021,-9999,-9999,-9999,-9999,-9999,-9999,-9999,-9999,-9999,0.075824998,0.103160001,0.101866998,0.175237998,0.161432996,0.120870002,-0.199996993,-0.199999005,-0.199998006
50,1.89,40,22.484722,89.015692,-9999,-9999,-9999,-9999,-9999,-9999,-9999,-9999,-9999,-9999,-9999,-9999,-9999,-9999,-9999,-9999,-9999,-9999
51,2.04,60,22.486728,88.998819,-9999,-9999,-9999,-9999,-9999,-9999,-9999,-9999,-9999,0.075274996,0.110365003,0.110529996,0.147627994,0.109265,0.096367501,-0.199998006,-0.199998006,-0.199999005
52,1.04,61,22.486886,88.999097,-9999,-9999,-9999,-9999,-9999,-9999,-9999,-9999,-9999,-9999,-9999,-9999,-9999,-9999,-9999,-9999,-9999,-9999
53,1.61,76,22.483793,89.052973,-9999,-9999,-9999,-9999,-9999,-9999,-9999,-9999,-9999,0.076567501,0.108248003,0.113114998,0.167620003,0.202572003,0.151614994,-0.199998006,-0.200001001,-0.199998006
54,1.36,77,22.484292,89.052768,-9999,-9999,-9999,-9999,-9999,-9999,-9999,-9999,-9999,0.071369998,0.099914998,0.096890002,0.164346993,0.150955006,0.108248003,-0.199996993,-0.199999005,-0.199998006
55,3.47,26,22.482383,89.02075,-9999,-9999,-9999,-9999,-9999,-9999,-9999,-9999,-9999,-9999,-9999,-9999,-9999,-9999,-9999,-9999,-9999,-9999
56,3.3,27,22.48195,89.020717,-9999,-9999,-9999,-9999,-9999,-9999,-9999,-9999,-9999,0.073322497,0.105553001,0.110501997,0.192342997,0.234555006,0.189455003,-0.199996993,-0.200001001,-0.199998006
57,2.78,28,22.481367,89.019833,-9999,-9999,-9999,-9999,-9999,-9999,-9999,-9999,-9999,0.088914998,0.112263002,0.117431998,0.197595,0.248333007,0.196604997,-0.199996993,-0.200002,-0.199998006
58,2.6,29,22.481597,89.020809,-9999,-9999,-9999,-9999,-9999,-9999,-9999,-9999,-9999,0.066997498,0.101729997,0.10943,0.172680005,0.175099999,0.128487006,-0.199996993,-0.200000003,-0.199998006
59,1.51,41,22.479339,89.005892,-9999,-9999,-9999,-9999,-9999,-9999,-9999,-9999,-9999,0.0874025,0.118202999,0.122768,0.171992004,0.198447004,0.159507006,-0.199998006,-0.200001001,-0.199999005
60,1.77,42,22.479086,89.006036,-9999,-9999,-9999,-9999,-9999,-9999,-9999,-9999,-9999,0.085450001,0.119220003,0.125434995,0.184009999,0.213792995,0.170232996,-0.199998006,-0.200001001,-0.199998006
61,2.27,44,22.479897,89.002411,-9999,-9999,-9999,-9999,-9999,-9999,-9999,-9999,-9999,-9999,-9999,-9999,-9999,-9999,-9999,-9999,-9999,-9999
62,2.2,47,22.478936,89.003297,-9999,-9999,-9999,-9999,-9999,-9999,-9999,-9999,-9999,0.075220004,0.111713,0.11603,0.204854995,0.212060004,0.157224998,-0.199996993,-0.200000003,-0.199998006
63,1.66,48,22.479272,89.003008,-9999,-9999,-9999,-9999,-9999,-9999,-9999,-9999,-9999,-9999,-9999,-9999,-9999,-9999,-9999,-9999,-9999,-9999
64,1.61,49,22.479617,89.002736,-9999,-9999,-9999,-9999,-9999,-9999,-9999,-9999,-9999,-9999,-9999,-9999,-9999,-9999,-9999,-9999,-9999,-9999
65,1.5,50,22.479381,89.002403,-9999,-9999,-9999,-9999,-9999,-9999,-9999,-9999,-9999,-9999,-9999,-9999,-9999,-9999,-9999,-9999,-9999,-9999
66,2.8,54,22.480131,88.994211,-9999,-9999,-9999,-9999,-9999,-9999,-9999,-9999,-9999,0.078354999,0.108000003,0.111327,0.155162007,0.147984996,0.110118002,-0.199998006,-0.200000003,-0.199998006
67,1.94,55,22.480272,88.994592,-9999,-9999,-9999,-9999,-9999,-9999,-9999,-9999,-9999,0.084872499,0.11592,0.120595001,0.197925001,0.218109995,0.163495004,-0.199996993,-0.200001001,-0.199998006
68,1.65,56,22.480381,88.994883,-9999,-9999,-9999,-9999,-9999,-9999,-9999,-9999,-9999,0.080940001,0.112976998,0.114270002,0.209199995,0.193855003,0.147297993,-0.199995995,-0.199999005,-0.199998006
69,2.63,57,22.479614,88.994883,0.073569998,0.103710003,0.104011998,0.129642993,0.097412497,0.073487498,-0.199999005,-0.199999005,-0.199999005,-9999,-9999,-9999,-9999,-9999,-9999,-9999,-9999,-9999
70,2.02,58,22.479775,88.995153,-9999,-9999,-9999,-9999,-9999,-9999,-9999,-9999,-9999,0.0850375,0.114380002,0.120017,0.185440004,0.214039996,0.166602999,-0.199996993,-0.200001001,-0.199998006
71,1.54,59,22.480014,88.995575,-9999,-9999,-9999,-9999,-9999,-9999,-9999,-9999,-9999,0.077310003,0.106789999,0.101428002,0.224517003,0.168142006,0.118863001,-0.199994996,-0.199998006,-0.199998006
72,1.76,43,22.478736,89.005433,-9999,-9999,-9999,-9999,-9999,-9999,-9999,-9999,-9999,0.081380002,0.114929996,0.119028002,0.162257999,0.183734998,0.150515005,-0.199998006,-0.200001001,-0.199999005
73,3.36,45,22.478506,89.0037,-9999,-9999,-9999,-9999,-9999,-9999,-9999,-9999,-9999,0.072277501,0.099694997,0.09623,0.165364996,0.139294997,0.094607502,-0.199996993,-0.199999005,-0.199998006
74,2.47,46,22.478722,89.003514,-9999,-9999,-9999,-9999,-9999,-9999,-9999,-9999,-9999,0.083855003,0.120678,0.119934998,0.219705001,0.194075003,0.152632996,-0.199995995,-0.199999005,-0.199998006
75,1.52,51,22.478725,88.997214,-9999,-9999,-9999,-9999,-9999,-9999,-9999,-9999,-9999,0.086467497,0.115644999,0.116333,0.210464999,0.205019996,0.155575007,-0.199995995,-0.200000003,-0.199998006
76,1.96,52,22.478528,88.996847,-9999,-9999,-9999,-9999,-9999,-9999,-9999,-9999,-9999,0.0806925,0.111079998,0.114215001,0.162862003,0.157087997,0.116388001,-0.199998006,-0.200000003,-0.199998006
77,2.17,53,22.478742,88.996581,-9999,-9999,-9999,-9999,-9999,-9999,-9999,-9999,-9999,0.079647496,0.112894997,0.114875004,0.177987993,0.200207993,0.157059997,-0.199996993,-0.200001001,-0.199998006
78,1.84,63,22.474593,89.009302,-9999,-9999,-9999,-9999,-9999,-9999,-9999,-9999,-9999,0.083965003,0.110186003,0.112359002,0.209749997,0.218619004,0.157664999,-0.199995995,-0.200000003,-0.199998006
79,1.88,64,22.474898,89.009265,-9999,-9999,-9999,-9999,-9999,-9999,-9999,-9999,-9999,-9999,-9999,-9999,-9999,-9999,-9999,-9999,-9999,-9999
80,1.54,65,22.475198,89.006758,-9999,-9999,-9999,-9999,-9999,-9999,-9999,-9999,-9999,-9999,-9999,-9999,-9999,-9999,-9999,-9999,-9999,-9999
81,1.42,66,22.475219,89.007148,-9999,-9999,-9999,-9999,-9999,-9999,-9999,-9999,-9999,-9999,-9999,-9999,-9999,-9999,-9999,-9999,-9999,-9999
82,2.13,67,22.476123,89.006564,0.066722497,0.103160001,0.100933,0.128487006,0.103243001,0.085395001,-0.199999005,-0.199999005,-0.199999005,-9999,-9999,-9999,-9999,-9999,-9999,-9999,-9999,-9999
83,1.95,68,22.4761,89.00686,0.064632498,0.097522497,0.094497502,0.171250001,0.154337004,0.120457999,-0.199996993,-0.199999005,-0.199999005,-9999,-9999,-9999,-9999,-9999,-9999,-9999,-9999,-9999
84,2.01,69,22.476719,89.008415,-9999,-9999,-9999,-9999,-9999,-9999,-9999,-9999,-9999,-9999,-9999,-9999,-9999,-9999,-9999,-9999,-9999,-9999
85,1.2,70,22.476267,89.00874,-9999,-9999,-9999,-9999,-9999,-9999,-9999,-9999,-9999,-9999,-9999,-9999,-9999,-9999,-9999,-9999,-9999,-9999
86,1.82,73,22.475558,89.007115,-9999,-9999,-9999,-9999,-9999,-9999,-9999,-9999,-9999,-9999,-9999,-9999,-9999,-9999,-9999,-9999,-9999,-9999
87,1.31,74,22.477985,89.007357,-9999,-9999,-9999,-9999,-9999,-9999,-9999,-9999,-9999,-9999,-9999,-9999,-9999,-9999,-9999,-9999,-9999,-9999
88,1.64,75,22.476437,89.00916,-9999,-9999,-9999,-9999,-9999,-9999,-9999,-9999,-9999,-9999,-9999,-9999,-9999,-9999,-9999,-9999,-9999,-9999
89,2.55,62,22.474186,89.00937,-9999,-9999,-9999,-9999,-9999,-9999,-9999,-9999,-9999,0.067698702,0.099791303,0.095528796,0.160209,0.152164996,0.113609999,-0.199996993,-0.200000003,-0.199998006
90,2.46,71,22.473407,89.008728,-9999,-9999,-9999,-9999,-9999,-9999,-9999,-9999,-9999,-9999,-9999,-9999,-9999,-9999,-9999,-9999,-9999,-9999
91,2.84,72,22.473221,89.008668,-9999,-9999,-9999,-9999,-9999,-9999,-9999,-9999,-9999,0.085546203,0.115465999,0.120554,0.175690994,0.217574,0.178469002,-0.199998006,-0.200001001,-0.199999005
