"","Name","EC","EC_all","EC_bin","EC_cat","Blue_R","Green_R","Red_R","NIR_R","SWIR1_R","SWIR2_R","NDVI","NDWI","NDSI1","NDSI2","SI1","SI2","SI3","SI4","SI5","SAVI","VSSI","NBR","NBG","NBNIR","NBSWIR1","NBSWIR2","NRSWIR1","NRSWIR2","NGSWIR1","NGSWIR2","NNIRSWIR1","NNIRSWIR2"
"1",78,3970,3970,1,2,0.071975,0.0953225,0.0929025,0.1249125,0.13803,0.1138025,-0.0128569531146233,-0.134356482847867,0.0962048186790824,-0.146959575786791,0.133106173833147,0.0941047212218919,0.0817719844292653,0.121741283865299,0.774736955410242,0.3587325,-0.89843,-0.12692756743643,-0.139556777596796,-0.268871817662371,-0.314540129996905,-0.225148362961069,-0.195414244422071,-0.101110277932319,-0.183017109308878,-0.0883682008368201,-0.049887332781882,0.0465408541566303
"2",79,2010,2010,1,1,0.0706,0.0937275,0.08985,0.1229325,0.1089625,0.0850925,-0.0211218695101526,-0.134796455275547,0.123006364175105,-0.155475661767298,0.129837847934452,0.0917682727035875,0.0796455271813804,0.117846791229895,0.785754034501948,0.35225625,-0.8764575,-0.119975070115301,-0.140740289969725,-0.270406779223128,-0.213644274277759,-0.0930841241549851,-0.0961332914177933,0.0271946496706059,-0.0751640436133997,0.0482887820154345,0.0602427822937104,0.181901213796419
"5",83,2560,2560,1,1,0.07412,0.09755,0.09513,0.12615,0.136435,0.115535,-0.0125596844509032,-0.127849798837729,0.082946382505854,-0.140184381778742,0.136256080231306,0.0963324010912216,0.0839704448005368,0.123020497180933,0.779144328813203,0.36294,-0.9113,-0.124135893648449,-0.136482786742005,-0.259799270984171,-0.295955926005082,-0.218370198518362,-0.17837324293395,-0.0968599435122114,-0.166185866615381,-0.0844029377947766,-0.0391682693223148,0.04392080600782
"6",84,1920,1920,1,1,0.0737075,0.0967525,0.092875,0.123235,0.1193575,0.100465,-0.0204479835466904,-0.120381839877266,0.085944341457312,-0.140484012771274,0.134114920427408,0.094793926163547,0.0827380448312625,0.118296174517454,0.793620457604307,0.354525,-0.887045,-0.115063106868969,-0.135193007157105,-0.251482031557434,-0.236448864372103,-0.153626433564426,-0.124780606174832,-0.0392572669907936,-0.104599509509046,-0.0188243943869079,0.0159835938868678,0.101788109074653
"16",2,3350,3350,1,2,0.07181,0.1031875,0.10811,0.1681975,0.162945,0.1371775,0.0232965368733657,-0.239548980231037,0.0858566085515081,-0.217466047790958,0.149450434111949,0.105620076808342,0.0881100397230645,0.17622126444579,0.664230875959671,0.47454875,-1.1751625,-0.2017563361494,-0.179302561465164,-0.401602033269794,-0.388213243594386,-0.312781864944076,-0.202302115806755,-0.118503796565255,-0.224540407503781,-0.141409939051027,0.015861751360819,0.101580024559967
"17",3,5180,5180,1,2,0.0676025,0.09667,0.09788,0.14309,0.1260125,0.0878975,0.00621948085325132,-0.19361027694361,0.178182413164415,-0.187616715773748,0.137570284945551,0.0972731185888476,0.0813445308548768,0.1448810303093,0.690667143440948,0.406665,-1.01151,-0.182964966084027,-0.176946841376371,-0.3582828055104,-0.301681171396844,-0.130514469453376,-0.125651819511596,0.0537336329749297,-0.13176832485714,0.0475300364365338,0.0634609488949377,0.238941501163483
"18",6,5890,5890,1,2,0.0552275,0.090455,0.08743,0.1931125,0.1635775,0.1363525,-0.0170053686370408,-0.36202138820563,0.0907711799419865,-0.376707628968873,0.125801875681565,0.0889296387600894,0.069487699091278,0.186654423470234,0.631676769987418,0.52649625,-1.2218025,-0.225732961814135,-0.241810100732758,-0.555226705323347,-0.495189780855099,-0.423452343668441,-0.303367429260082,-0.218616290371231,-0.287847027447275,-0.202363237547259,0.0828029941966414,0.172279301291488
"19",7,5430,5430,1,2,0.071755,0.106845,0.115975,0.191215,0.1637425,0.1367375,0.0409747778475898,-0.28306381265517,0.0898728700745474,-0.244929847976822,0.157689741739912,0.111316435781065,0.0912238243278586,0.207554491319201,0.618710929079543,0.536025,-1.32226,-0.235551057369626,-0.196472564389698,-0.454272350458227,-0.390609242136328,-0.311677878101131,-0.170770509531939,-0.0821585794133651,-0.210273940961796,-0.122720228259419,0.0773965897325736,0.166113995166983
"20",8,5290,5290,1,2,0.07434,0.1065425,0.1106675,0.178455,0.16542,0.1409725,0.0189908383591915,-0.25232677479627,0.079791443981168,-0.234459441932053,0.153618357830371,0.108585413931844,0.0907029324222762,0.185364232231269,0.671741929654144,0.50147125,-1.2325275,-0.196356904449819,-0.178029936561027,-0.411855456001899,-0.37987987987988,-0.309468795355588,-0.198315751346946,-0.120429979335559,-0.21649124419727,-0.139102680645618,0.037906215921483,0.117342746006527
"21",9,4150,4150,1,2,0.0769525,0.108275,0.1102825,0.1729825,0.164265,0.139625,0.00918522585589602,-0.230064976045083,0.0810819704498338,-0.221347501456233,0.154550009483177,0.109274140067538,0.0921222778770152,0.176189725756176,0.697776165756126,0.4875975,-1.199775,-0.178011589713462,-0.169102859996491,-0.384219897173265,-0.361965860685896,-0.289376781983355,-0.196623535089556,-0.1174134429739,-0.205437733910619,-0.126462283178701,0.0258489684875351,0.106707292691314
"22",10,5010,5010,1,2,0.06917,0.103875,0.109705,0.1891525,0.168995,0.138745,0.0272965633486282,-0.29102217368677,0.0982972639240918,-0.265837397421848,0.151080119969505,0.106750207845231,0.087110819362465,0.199768712515042,0.630509092566428,0.52773375,-1.2865375,-0.226610761705101,-0.200554768990725,-0.464467864781426,-0.419142191337938,-0.334631940937402,-0.212737710800144,-0.116884685047293,-0.238648440649394,-0.143722693924656,0.056282676830077,0.153729442889927
"23",13,5510,5510,1,2,0.07698,0.10514,0.1090725,0.172405,0.1426225,0.1175975,0.0183579389624789,-0.242357095245816,0.096168626546768,-0.225000222042614,0.151496633151532,0.107088200330382,0.0916318779137479,0.178853379898231,0.705769098535378,0.48554875,-1.1971075,-0.172491635425485,-0.154623325280035,-0.382641297592076,-0.298915085210779,-0.20874715730236,-0.133296251415403,-0.0376097410332201,-0.151283991725947,-0.055929064481733,0.0945393656109387,0.188989750088361
"24",14,3650,3650,1,2,0.0629,0.10019,0.10349,0.1724875,0.16256,0.13341,0.0162018853102908,-0.26513922124121,0.0984897117951144,-0.25001132338687,0.144042411115616,0.10182663256732,0.0806816026117479,0.178168793043218,0.607788192095855,0.48296375,-1.1795075,-0.2439449486147,-0.228646759457968,-0.465562105039562,-0.442029628315444,-0.35917681218481,-0.222025934974629,-0.126298016040523,-0.237373929590866,-0.142208904109589,0.0296301270715347,0.127747039449489
"25",1,3980,3980,1,2,0.07225,0.10184,0.0958725,0.2381025,0.17664,0.1357475,-0.0301827148005309,-0.400839847915456,0.130903125125045,-0.425870199865259,0.13986751537169,0.0988112109024072,0.0832273279938747,0.224150451013845,0.753605048371535,0.6431925,-1.466195,-0.140507665541495,-0.169969555976794,-0.534400399545678,-0.419422234722167,-0.305280111539802,-0.296380899958717,-0.172156981262413,-0.268600976730825,-0.142715841532067,0.148194361561692,0.273786277918951
"26",4,6800,6800,1,2,0.085065,0.1148475,0.1230425,0.21129,0.18302,0.155135,0.034448694774896,-0.295711164769461,0.0824621845011902,-0.263951305960384,0.168313413198414,0.118874402285564,0.102306452692389,0.226366702148501,0.691346485970295,0.58974625,-1.4419675,-0.182489818963757,-0.148977677734009,-0.425924988611631,-0.365387843407874,-0.291715237302248,-0.195964876454972,-0.115366986905843,-0.228868540542355,-0.149222634800404,0.0716948593746036,0.153251006345091
"27",5,880,880,0,0,0.0831675,0.114655,0.12538,0.2224,0.18797,0.1595075,0.0446809840231632,-0.319665929892747,0.0819117784604759,-0.278969463453908,0.169899715788462,0.119897639259495,0.102115332590165,0.243203628276133,0.663323496570426,0.61869,-1.50959,-0.202411920545679,-0.159170468475527,-0.455652188141736,-0.386528975150984,-0.314577109302565,-0.199744694431147,-0.119792900706419,-0.242263527467988,-0.163598230976155,0.0838998952165118,0.164679929040409
"28",11,3860,3860,1,2,0.0658425,0.0997775,0.104425,0.16927,0.17389,0.14771,0.0227592708218556,-0.258290822252576,0.0814054726368159,-0.236924313560715,0.14443036429799,0.102074803147006,0.0829192562828442,0.17715436596427,0.630524299736653,0.4753875,-1.16892,-0.22659932165563,-0.204896751600048,-0.439906427773938,-0.450700259664417,-0.383360063684574,-0.249591290444281,-0.171673904852559,-0.270812208245407,-0.19367644830547,-0.013463107588297,0.0680169095842008
"29",12,4730,4730,1,2,0.0765675,0.107065,0.11306,0.1872825,0.1802975,0.1547225,0.0272345258375922,-0.27252652052421,0.0763387260462062,-0.247126197591084,0.155709594518129,0.110021674682764,0.0930415044482837,0.197769200485686,0.677228905006191,0.52473625,-1.2875825,-0.192443079194737,-0.166078989285666,-0.419613416714042,-0.403830806065443,-0.337909118422759,-0.229199867056407,-0.155583355895176,-0.254843620862151,-0.182046507186172,0.0190026660862942,0.0952032865016594
"30",15,5370,5370,1,2,0.0705725,0.1002725,0.102225,0.1601675,0.1523575,0.113225,0.0096420943468439,-0.229976194133006,0.147345928289703,-0.220823765923188,0.143194011331655,0.1012440433433,0.0849368813443253,0.163286271784388,0.690364392271949,0.45153125,-1.1114175,-0.183176839942708,-0.173841786414586,-0.388294183929965,-0.366864038038846,-0.232062460044342,-0.196920448184773,-0.0510559294499884,-0.206171080235918,-0.0606681577067649,0.0249900007999361,0.17170368609234
"31",16,1590,1590,0,1,0.084075,0.1114925,0.1192475,0.1942675,0.181095,0.1525775,0.0336092571725752,-0.270718864468864,0.0854655388142566,-0.239286796485017,0.163249942764155,0.115304821641378,0.100128585141807,0.207780018442945,0.705046227384222,0.5452925,-1.34459,-0.172988724809109,-0.140194561979879,-0.395888159371997,-0.365878493042199,-0.289464510199554,-0.205923237637031,-0.122615653453509,-0.237886102447986,-0.155583746733821,0.0350927436811082,0.120197782871311
"33",18,3040,3040,1,2,0.0769525,0.1029675,0.10239,0.1776025,0.176475,0.14265,-0.00281216902231479,-0.266012046904516,0.10599294947121,-0.268623266694644,0.145210254996849,0.102678343992295,0.0887646690693994,0.1766064046908,0.751562652602793,0.49520125,-1.1940275,-0.141837545478623,-0.14459204090707,-0.395395886939954,-0.392706000729992,-0.299165537732949,-0.265666182561455,-0.164299706170421,-0.263050538125017,-0.161562185104889,0.00318433111395105,0.10914044386851
"35",20,2130,2130,1,1,0.075715,0.1067625,0.112235,0.2051575,0.1919025,0.15882,0.0249888697359559,-0.31544947422416,0.0943267112888393,-0.292768417653221,0.154902958755635,0.109464556763822,0.0921839087097092,0.215673593373141,0.674611306633403,0.56901125,-1.3734375,-0.194306996541633,-0.17014426436136,-0.460858574620157,-0.434155090754528,-0.354339437610591,-0.261945666022769,-0.171865488553984,-0.285068555070062,-0.196012538476745,0.0333828640507732,0.12730869353188
"36",21,3040,3040,1,2,0.0573175,0.087265,0.0830025,0.1136375,0.0602875,0.0387275,-0.025034137460173,-0.131270143477558,0.217744786143514,-0.155792310821806,0.120435024935647,0.0851070688162857,0.0689746025269447,0.108086822824156,0.69055148941297,0.325595,-0.80867,-0.183045895096921,-0.207130876835025,-0.329443420783247,-0.0252540283151224,0.193555104378156,0.158524670249145,0.363714778608396,0.182833228850748,0.38524118499117,0.306741411527958,0.491648344436058
"37",22,2590,2590,1,1,0.0621025,0.090455,0.0851475,0.1889325,0.158435,0.1040125,-0.0302245127489644,-0.352476399266252,0.207365282580326,-0.378666812609457,0.124226421429783,0.0877611366864628,0.0727177599954097,0.177846775122989,0.729352006811709,0.514905,-1.18949,-0.156502546689304,-0.185847958966291,-0.505228354611907,-0.436807799127133,-0.25229509677031,-0.300873420709616,-0.0997303869739904,-0.273132709228977,-0.0697160193862728,0.0877960661259329,0.289883766577344
"38",23,2810,2810,1,1,0.08457,0.11306,0.12043,0.1932775,0.1839,0.1525775,0.0315645209644952,-0.261859876769902,0.0930894339146006,-0.232214722312983,0.165184589172235,0.116686827877014,0.100919597204904,0.205876608216876,0.702233662708627,0.54340875,-1.3424175,-0.174926829268293,-0.144158275565451,-0.391248796552066,-0.369985473237233,-0.286772999926206,-0.208556501166497,-0.117753175279067,-0.238550646551724,-0.148764764011105,0.0248622995804362,0.117679374304261
"39",24,1540,1540,0,1,0.0762375,0.1095675,0.11713,0.20271,0.19094,0.1599475,0.0333594327242251,-0.298268367077359,0.0883260304228563,-0.267571285642821,0.16038850942711,0.113285662265796,0.0944970813041334,0.216701323841468,0.650879364808333,0.56534,-1.380065,-0.211475558198767,-0.179381609752159,-0.453391767268034,-0.429311974249329,-0.354425556237695,-0.239588405232577,-0.154532576625673,-0.270783591091737,-0.186928371333692,0.0298996570557602,0.117914285517327
"40",25,2970,2970,1,1,0.070875,0.1033525,0.1080825,0.176695,0.1802425,0.1501575,0.0223709414240784,-0.261893071711049,0.0910562953995158,-0.240933711406273,0.149544528694633,0.105691043051197,0.0875234093685798,0.184781571200503,0.655749080563458,0.49577875,-1.2171825,-0.207912493189724,-0.186408574995336,-0.427434664943248,-0.435523211245732,-0.358691595127413,-0.250273129281193,-0.162929832713755,-0.2711260776812,-0.184627825332334,-0.00993871476098767,0.0811910571282153
"41",30,1860,1860,0,1,0.053055,0.08215,0.0740925,0.1303025,0.07896,0.04563,-0.0515704753828183,-0.226650663089396,0.267517457259812,-0.27500672717043,0.110626945434871,0.0780172985625624,0.0626975086227515,0.11752206915703,0.716064378985728,0.3628025,-0.857675,-0.165457441160856,-0.215191745867386,-0.421294465729517,-0.196227701397568,0.0752393980848155,-0.0318028127603271,0.237737267430934,0.019800136552666,0.285803725152606,0.245349740158891,0.481278331178151
"42",31,1480,1480,0,1,0.0569325,0.0884475,0.0845975,0.17686,0.1688575,0.1221625,-0.0222485480655322,-0.333245385072039,0.16045288983575,-0.352877618733446,0.122391573494665,0.0865010831218315,0.0693999075557742,0.169161523502643,0.672980880049647,0.48444875,-1.1303925,-0.195470924892249,-0.216776723070574,-0.512965557064491,-0.495703972718012,-0.36422010664731,-0.332445601783354,-0.181684078158251,-0.312508501583724,-0.160082617159679,0.0231475120582557,0.182921017649174
"43",32,1420,1420,0,1,0.0604525,0.0910875,0.08721,0.1311825,0.0763475,0.0596275,-0.0217473604509316,-0.180388716425968,0.122963780106637,-0.201346200075552,0.126105181321982,0.0891276661592796,0.0726089700037124,0.125598197612186,0.693183121201697,0.37156125,-0.9097875,-0.181207144671125,-0.202157846113237,-0.369087066558823,-0.116191520467836,0.00687041972018671,0.0664139522797793,0.187843704775687,0.088034162510825,0.208738347211625,0.264226858767407,0.375006551019339
"44",33,1070,1070,0,0,0.06103,0.0913625,0.086055,0.1963025,0.1600025,0.1063775,-0.0299153127509971,-0.364799332556967,0.201310158420302,-0.390453591634718,0.125509240421771,0.0886690472346467,0.072470246653368,0.184898745519223,0.709197606182093,0.53378375,-1.2290625,-0.170139715130707,-0.199041947602409,-0.525672039093391,-0.447773517469151,-0.270880934247271,-0.300529347815043,-0.105608460109389,-0.273069043025083,-0.0759330433903105,0.101879008153127,0.297095942910004
"46",35,1460,1460,0,1,0.0788775,0.10833,0.11372,0.1993275,0.1759525,0.14529,0.0242738122044585,-0.295775334584725,0.0954496992147678,-0.273464889513572,0.157059311408143,0.110992286218458,0.0947098162811015,0.209245114926613,0.693611501934576,0.55517875,-1.3485775,-0.180908371084775,-0.157325427667161,-0.432954116568717,-0.380940234666248,-0.296262839171602,-0.214837445736133,-0.121887185822941,-0.237870779946005,-0.145729832032174,0.0622868258367085,0.156804283009424
"47",36,2610,2610,1,1,0.0372975,0.1040125,0.1003,0.1697375,0.149305,0.11911,-0.0181706944019578,-0.240091324200913,0.112493713093531,-0.257140212007592,0.144494602515976,0.102139383931958,0.0611632181135035,0.163679089051797,0.371859421734796,0.47449375,-1.1421625,-0.457875324769709,-0.472118038355389,-0.639698601685705,-0.600246513310379,-0.523072742675383,-0.196330201718716,-0.085729912036826,-0.178797359045467,-0.0676646236932626,0.0640431917377778,0.175274149854162
"48",37,1990,1990,1,1,0.0738175,0.1146,0.101895,0.19919,0.1800225,0.1496075,-0.0586849580821726,-0.269575193600816,0.0922701210448079,-0.323147948253815,0.153348462740909,0.108060941139711,0.086727355329792,0.17710702486911,0.724446734383434,0.5489225,-1.276225,-0.159792274311731,-0.216447516817705,-0.45922731060502,-0.418393476205484,-0.339218977285443,-0.277128947298412,-0.18970984383853,-0.222055342005448,-0.13250002365565,0.0505455384513958,0.142152681713602
"49",38,1360,1360,0,0,0.0740375,0.11064,0.10349,0.2103825,0.176145,0.1441625,-0.0333909307430065,-0.310702520851342,0.0998493635022594,-0.340560259340974,0.151497160699467,0.107005297065145,0.0875336556702621,0.196786740103037,0.715407285728089,0.57770125,-1.3480825,-0.165903874047683,-0.198196856682596,-0.479379087265312,-0.408132063593577,-0.321379468377635,-0.259820837877948,-0.164232139792653,-0.228411527799571,-0.131562680899913,0.0885771387546812,0.186774598428972
"50",39,2380,2380,1,1,0.0579775,0.1069,0.0931225,0.2098325,0.174385,0.13792,-0.0688797510280093,-0.324982437861602,0.116760858775876,-0.385238731824858,0.141772388024784,0.0997737202373451,0.0734779541342163,0.182788839862021,0.622593895138125,0.5711425,-1.300975,-0.23259430840503,-0.296720292338251,-0.56702512975617,-0.500973694120179,-0.408083308873263,-0.30377652963001,-0.193892898492702,-0.23991681035249,-0.126705334531492,0.09225894187537,0.206792186972056
"51",40,1890,1890,0,1,0.05355,0.097825,0.08325,0.2076325,0.1703975,0.13143,-0.0804915090432142,-0.359485362120753,0.129105200818348,-0.427603929421674,0.128453466769099,0.0902437324693521,0.0667685367519762,0.176697220802453,0.643243243243243,0.56070625,-1.2587625,-0.217105263157895,-0.292485549132948,-0.589941898863821,-0.521762913182777,-0.421018488485242,-0.343577208527583,-0.224427054220235,-0.270568278201866,-0.146583498724128,0.09849747374547,0.22474470046083
"53",61,1040,1040,0,0,0.075275,0.110365,0.11053,0.1476275,0.109265,0.0963675,0.000746961225921937,-0.144432493192632,0.0627211165550193,-0.143701035220747,0.156196396005158,0.110447469187845,0.0912148329494715,0.147848208897748,0.681036822582104,0.42433375,-1.0700575,-0.189741933747746,-0.189021762551174,-0.324592590931013,-0.184187709981576,-0.12288623155687,0.00575536295184156,0.0684517695960561,0.00500842325729632,0.0677082703493645,0.149332892163064,0.210086272259678
"54",76,1610,1610,0,1,0.07929,0.11042,0.1147375,0.18104,0.15354,0.12835,0.0191754660626449,-0.242297399300075,0.0893610983007556,-0.224163433662128,0.159239663106432,0.112558050578357,0.0953810063639507,0.188118791885528,0.691055670552348,0.50996875,-1.2580475,-0.182693174936543,-0.164092562331981,-0.390850074904928,-0.318902203324314,-0.236274320940089,-0.144635685064905,-0.0559983545019798,-0.163358084558266,-0.0750931859111279,0.0821925996772072,0.170302854003038
"55",77,1360,1360,0,0,0.07137,0.099915,0.09689,0.1643475,0.1450425,0.1082475,-0.0153705444475496,-0.243820065276004,0.145268269572427,-0.258222881477583,0.139178587882619,0.0983908753391289,0.083156715303095,0.159371758744933,0.736608525131593,0.45931375,-1.1063575,-0.151670034470462,-0.166652071109554,-0.394444621209711,-0.340426269277422,-0.205311286483778,-0.199032788071053,-0.0553653037596735,-0.184225835093843,-0.0400288236353811,0.062396974692136,0.205799812909261
"56",26,3470,3470,1,2,0.074285,0.102445,0.103435,0.1894825,0.170205,0.138635,0.00480862638430149,-0.298147656524308,0.10222121486854,-0.293760188448966,0.145580827206058,0.10293880985809,0.0876565398301804,0.191313606203329,0.718180499830812,0.52542375,-1.2596975,-0.16402205716858,-0.159339104849205,-0.43673879458235,-0.392326884535155,-0.302226188239715,-0.244006724163134,-0.145412483992234,-0.248523748395379,-0.150116144018583,0.0535951346655083,0.154967351634704
"57",27,3300,3300,1,2,0.0733225,0.1055525,0.1105025,0.1923425,0.1859075,0.153485,0.0229108328897735,-0.291344265596939,0.0955309855108761,-0.270237250078423,0.152814046352094,0.107999144122766,0.0900128855011881,0.201362612029559,0.66353702404923,0.5361075,-1.30312,-0.202257581939344,-0.180181691125087,-0.448007829409218,-0.434305443042858,-0.353438488586136,-0.2543942512061,-0.162820209290213,-0.275698209016675,-0.185040775949428,0.0170125578321217,0.112360931389204
"58",28,2780,2780,1,1,0.0846525,0.1138575,0.12219,0.2059,0.1927275,0.1619,0.0353000984971246,-0.287850949547704,0.0869292426560264,-0.255143405772806,0.167014749068009,0.11795019256025,0.101703928021488,0.220968500098808,0.692794009329732,0.575845,-1.412735,-0.181478661300265,-0.147121051836179,-0.41729979951988,-0.38962794722042,-0.31331055251924,-0.223987234751959,-0.139779647294871,-0.257253290278389,-0.174220102807721,0.0330446344017912,0.11963023382273
"59",29,2600,2600,1,1,0.0669975,0.10173,0.10943,0.17268,0.1751,0.1284875,0.0364652396287177,-0.258554717393681,0.153538930291926,-0.224203324944171,0.149411906486732,0.105509781063179,0.0856243915306848,0.185750244765556,0.612240701818514,0.486415,-1.20709,-0.240509557750351,-0.205849668844735,-0.440936258096818,-0.446524643996737,-0.314550988566898,-0.230801672934313,-0.080101295617178,-0.2650363038688,-0.116227046162868,-0.00695842199091373,0.146737280749085
"60",41,1510,1510,0,1,0.0874025,0.1182025,0.1227675,0.1719925,0.1831575,0.15486,0.0189442669211935,-0.185358121263289,0.0837160797887684,-0.167000271407247,0.170422093821488,0.12046337791524,0.103586613125201,0.178634878651044,0.711935161993199,0.491365,-1.237395,-0.168268544511586,-0.149801804430826,-0.326104975038069,-0.353914104080426,-0.278447964501316,-0.197401323853886,-0.115595537185618,-0.215539554021768,-0.134245822842756,-0.0314374208081094,0.0524166099387338
"61",42,1770,1770,0,1,0.0874025,0.1182025,0.1227675,0.1719925,0.1831575,0.15486,0.0189442669211935,-0.185358121263289,0.0837160797887684,-0.167000271407247,0.170422093821488,0.12046337791524,0.103586613125201,0.178634878651044,0.711935161993199,0.491365,-1.237395,-0.168268544511586,-0.149801804430826,-0.326104975038069,-0.353914104080426,-0.278447964501316,-0.197401323853886,-0.115595537185618,-0.215539554021768,-0.134245822842756,-0.0314374208081094,0.0524166099387338
"62",44,2270,2270,1,1,0.07082,0.1023075,0.101235,0.1532375,0.1391575,0.1245825,-0.00526916982939669,-0.199299536285194,0.055262758777584,-0.204354105060468,0.143928279991286,0.101769837194033,0.0846726797733484,0.151631095594165,0.699560428705487,0.43371125,-1.0677475,-0.176774868501351,-0.181874629969242,-0.367840844426096,-0.325451536474146,-0.275137216770512,-0.157752425720436,-0.103391012654024,-0.152610109125546,-0.0981753272510908,0.0481540382017478,0.103142322367
"63",47,2200,2200,1,1,0.083855,0.1206775,0.119935,0.219705,0.194075,0.1526325,-0.00308587459088775,-0.290930056627471,0.119531593634404,-0.293752208220469,0.170139540469727,0.120305677183165,0.100285340030335,0.218353207308736,0.699170383957977,0.60923,-1.456845,-0.177044997301143,-0.180032513170278,-0.447522730267492,-0.396574677076962,-0.290829325017178,-0.236107130346167,-0.119961110550598,-0.233191158132183,-0.116918517434415,0.0619411281357243,0.180138986806325
"64",48,1660,1660,0,1,0.0661725,0.1003825,0.09656,0.1810675,0.1675375,0.1205675,-0.0194092184266982,-0.286676141410553,0.163030839450895,-0.30439167589666,0.139285605524225,0.0984527003184778,0.0799350774066054,0.174172567927677,0.685299295774648,0.50094875,-1.1873725,-0.186732828414729,-0.20539761640299,-0.464710402847436,-0.433721278507552,-0.291287351397665,-0.268754910591732,-0.110568675087218,-0.250653180053747,-0.0913555102964472,0.0388118357453278,0.200573540868931
"65",49,1610,1610,0,1,0.06499,0.096725,0.0915825,0.2076325,0.1730375,0.1157,-0.0273090556669277,-0.364398774467526,0.198580025109312,-0.38784820279732,0.133203152857768,0.0941186342468908,0.0771488604906126,0.196593470470406,0.709633390658696,0.5648725,-1.302625,-0.16984144725287,-0.196240299291964,-0.523223505029849,-0.453928642698848,-0.280646410980132,-0.307818758975134,-0.116350873807485,-0.282887725313934,-0.089325644345063,0.0908792392360837,0.284328052391888
"66",50,1500,1500,0,1,0.06796,0.0981825,0.0905925,0.2032875,0.16234,0.1110525,-0.0402065951529598,-0.348641655886158,0.187596587324085,-0.383472846059616,0.133591932250791,0.0943111771278993,0.0784644269717176,0.187572356007944,0.750172475646439,0.553515,-1.273035,-0.142744516800429,-0.181907097822652,-0.498907824035244,-0.409813287016934,-0.240723413169471,-0.283662637264883,-0.101465446700885,-0.246264718018597,-0.0615097856477166,0.111992396633185,0.293424317617866
"67",54,2800,2800,1,1,0.06708,0.099475,0.097385,0.11394,0.05498,0.04035,-0.0106166819059229,-0.0677787409507298,0.153466904437218,-0.0783390512244173,0.139208885671856,0.0984244526273832,0.0808244133910046,0.111546085951244,0.688812445448477,0.3335425,-0.857675,-0.184264129146019,-0.194500315211192,-0.258866423599602,0.0991315746354252,0.248813180675789,0.278311948282086,0.414092278651033,0.2880774335567,0.422849991060254,0.349040966137817,0.476958973361851
"68",55,1940,1940,1,1,0.08094,0.1129775,0.11427,0.2092,0.193855,0.1472975,0.00568763132707719,-0.298663004089361,0.136471226211152,-0.293473892478437,0.160690847300803,0.113621912169264,0.0961717931620285,0.211593317253435,0.708322394329221,0.580135,-1.391395,-0.170739203934225,-0.165212010262096,-0.442062452609085,-0.41090631197802,-0.290738813735692,-0.258288032454361,-0.126267598229903,-0.263588439946877,-0.131860532129478,0.038071727183635,0.173640768869347
"69",56,1650,1650,0,1,0.07544,0.1058825,0.10305,0.2081825,0.1710575,0.1241425,-0.0135570100391275,-0.325728750417907,0.158926151761518,-0.337794092840561,0.147751163468346,0.104456649501121,0.088170811496776,0.202613336717588,0.732071809801068,0.57198125,-1.3443975,-0.1546865370609,-0.167891464104013,-0.468025280081799,-0.38790454264242,-0.244021895707289,-0.248105214195161,-0.0928397724396713,-0.23533978479093,-0.0793826757961091,0.0978931547305136,0.252884977055593
"71",58,2020,2020,1,1,0.0922975,0.1214475,0.12824,0.1993825,0.21679,0.1819475,0.027204005006258,-0.242916809525294,0.0873820495940312,-0.217147784416516,0.176621043073157,0.124797545648943,0.10879444563028,0.210533866897219,0.719724734872115,0.56257625,-1.3952175,-0.162976818001474,-0.136377459121851,-0.367131788261108,-0.402774295304728,-0.326897482178344,-0.256644349766687,-0.173145275035261,-0.281880335563029,-0.199410010052901,-0.0418276075425454,0.0457215535100832
"72",59,1540,1540,0,1,0.07731,0.10679,0.1014275,0.2245175,0.1681425,0.1188625,-0.0257543194015872,-0.355342091561465,0.171704325708611,-0.377640399453896,0.147280826505863,0.104074217388362,0.0885514541100258,0.213243269325311,0.762219319218161,0.6120075,-1.416145,-0.13493251276313,-0.160130363932645,-0.487720635130994,-0.370061417178477,-0.211816131211052,-0.247486738138517,-0.0791456716146896,-0.223154774353705,-0.0535004043828452,0.143572047063617,0.307691187605568
"73",43,1760,1760,0,1,0.08138,0.11493,0.1190275,0.1622575,0.173175,0.144465,0.0175138646976482,-0.17074182638106,0.0903853418964866,-0.153687541105996,0.165458304887515,0.116960807858872,0.0984198046634924,0.16804232647046,0.683707546575371,0.4651575,-1.176565,-0.187854745955116,-0.170903163364067,-0.33195833974655,-0.360609691422286,-0.27932874316456,-0.185308133913981,-0.096539749708246,-0.202165877024002,-0.113861099866998,-0.0325475319177481,0.0580084604161742
"74",45,3360,3360,1,2,0.066585,0.09722,0.0931225,0.1268375,0.07357,0.0473625,-0.0215269842520718,-0.132187050199168,0.216711802038327,-0.153277868703401,0.134623654705442,0.0951491957401638,0.078743645219789,0.121491720775046,0.715025906735751,0.363655,-0.90536,-0.166163141993958,-0.187021153200452,-0.311507192803319,-0.0498376797117478,0.168696110050681,0.117296818993056,0.325728725486707,0.138474149540371,0.344837722407622,0.26579594077068,0.456228473019518
"75",46,2470,2470,1,1,0.083855,0.1206775,0.119935,0.219705,0.194075,0.1526325,-0.00308587459088775,-0.290930056627471,0.119531593634404,-0.293752208220469,0.170139540469727,0.120305677183165,0.100285340030335,0.218353207308736,0.699170383957977,0.60923,-1.456845,-0.177044997301143,-0.180032513170278,-0.447522730267492,-0.396574677076962,-0.290829325017178,-0.236107130346167,-0.119961110550598,-0.233191158132183,-0.116918517434415,0.0619411281357243,0.180138986806325
"76",51,1520,1520,0,1,0.0864675,0.115645,0.1163325,0.210465,0.20425,0.155575,0.00296364949186886,-0.290760786237773,0.135274091572292,-0.288045349184128,0.164033583699345,0.115988240621625,0.100294468659792,0.211716197090233,0.743278963316356,0.58432875,-1.4026975,-0.147263313609468,-0.144362669305461,-0.417594907933621,-0.405144169167663,-0.285518039187333,-0.27424297957624,-0.144322977483151,-0.276981509557824,-0.147223656072561,0.0149861953389678,0.149956288930172
"77",52,1960,1960,1,1,0.075605,0.1070375,0.1082475,0.1447125,0.13649,0.09799,0.00562045660403646,-0.149652432969216,0.164193108154213,-0.144153225806452,0.152231887797859,0.10764079979845,0.0904657517378814,0.146348395130211,0.698445691586411,0.415905,-1.050725,-0.177547218558355,-0.172098498432731,-0.313672313819828,-0.287064758716613,-0.128949566519773,-0.115399152152817,0.0497363476574337,-0.120941166808677,0.0441282267012961,0.0292404939500894,0.192509347864155
"78",53,2170,2170,1,1,0.074835,0.1100625,0.11416,0.1618725,0.17598,0.1431725,0.0182742588277268,-0.190523470682332,0.102795685448179,-0.172851022977367,0.158575721679739,0.112092528742999,0.0924292356346194,0.167898826575809,0.655527330063069,0.46176125,-1.1600375,-0.208074287679568,-0.190524479779337,-0.367700643198885,-0.403265354942886,-0.313463986330746,-0.213069552629765,-0.112743240748837,-0.230446524554918,-0.130748119335795,-0.0417563877727708,0.0613024307889
"79",63,1840,1840,0,1,0.09931,0.11702,0.11845,0.2102725,0.172295,0.1399825,0.00607296046205456,-0.284920980468541,0.103473673255358,-0.279331350911483,0.166505504113227,0.117732828896617,0.10845860731173,0.212842057981542,0.838412832418742,0.58490625,-1.4095725,-0.0878949301983835,-0.0818656681921139,-0.358426267634637,-0.268717438927855,-0.169969806826374,-0.185196649985382,-0.0833196289166417,-0.19105473273076,-0.0893473798893007,0.0992700634528549,0.200682359994861
"80",64,1880,1880,0,1,0.09931,0.11702,0.11845,0.2102725,0.172295,0.1399825,0.00607296046205456,-0.284920980468541,0.103473673255358,-0.279331350911483,0.166505504113227,0.117732828896617,0.10845860731173,0.212842057981542,0.838412832418742,0.58490625,-1.4095725,-0.0878949301983835,-0.0818656681921139,-0.358426267634637,-0.268717438927855,-0.169969806826374,-0.185196649985382,-0.0833196289166417,-0.19105473273076,-0.0893473798893007,0.0992700634528549,0.200682359994861
"81",65,1540,1540,0,1,0.0753025,0.1084675,0.1131975,0.203095,0.182965,0.15112,0.0213385063045587,-0.303719157472417,0.095320053279854,-0.284222673632792,0.156776505135495,0.110807264343318,0.0923258075716102,0.211951471754212,0.665231122595464,0.56433625,-1.3645275,-0.201034482758621,-0.180470152908527,-0.459028906509577,-0.416864297675859,-0.334849672625291,-0.23557168784029,-0.143473284969781,-0.255625230542235,-0.164308759088939,0.0521421540693157,0.146732916449049
"82",66,1420,1420,0,1,0.0677675,0.0980175,0.094525,0.226085,0.172845,0.119935,-0.0181388524611447,-0.395145054419512,0.180715895894528,-0.41034278406787,0.136170503161478,0.0962554112115262,0.080035760366851,0.21802927665978,0.716926738957947,0.612475,-1.407015,-0.164872067409153,-0.182465241125554,-0.538765196824938,-0.436708400436386,-0.277926506040144,-0.292927403972024,-0.118483633311573,-0.276256403156583,-0.100560902031406,0.133456997468227,0.306774174903185
"84",68,1950,1950,1,1,0.0646325,0.0975225,0.0944975,0.17125,0.1543375,0.1204575,-0.0157535673367358,-0.274311918071975,0.123291908513619,-0.2888173924496,0.135795491502848,0.0959980856254436,0.0781511974876265,0.165938084800943,0.683959893118865,0.47537375,-1.1336925,-0.187676742286181,-0.202830625019272,-0.451994107235594,-0.409667991049002,-0.301610027554163,-0.240480639781381,-0.120769463376055,-0.225581672357659,-0.105216074869254,0.0519445617537528,0.174121337298493
"85",69,2010,2010,1,1,0.056795,0.089025,0.0823975,0.19006,0.15002,0.11933,-0.038661785938252,-0.362022322948206,0.113940968999443,-0.395153372544342,0.121304569704731,0.0856471682981989,0.0684088153127943,0.175910910980062,0.689280621378076,0.51634875,-1.1842375,-0.183935916087433,-0.221025922370046,-0.539851329727978,-0.450765176607113,-0.355060326472676,-0.290952703647531,-0.18308113668191,-0.255161162124286,-0.145448873317175,0.117737003058104,0.228611138045832
"86",70,1200,1200,0,0,0.0540725,0.0886675,0.07654,0.2431075,0.164485,0.1054425,-0.073407684275835,-0.465496194710271,0.21873466023284,-0.521097458919591,0.117133672170943,0.0823808864361145,0.064332799954611,0.209856464318944,0.706460674157304,0.64603875,-1.4209025,-0.17201646090535,-0.242363738265377,-0.636095968773134,-0.505187422074282,-0.322038679747986,-0.364879161912665,-0.158820216229583,-0.299493388372621,-0.0864200710937097,0.192894864355944,0.394964854396787
"87",73,1820,1820,0,1,0.0660075,0.1016475,0.103545,0.20216,0.1774925,0.1438875,0.00924741401367007,-0.330842721130979,0.104564689775344,-0.322582227964868,0.145099211856061,0.102591863164191,0.082672526195224,0.20593381244005,0.637476459510358,0.5571725,-1.32523,-0.221391604370328,-0.212579404133488,-0.507714394921085,-0.457843942505133,-0.371042664189237,-0.263123248676778,-0.163044466672729,-0.271709536433331,-0.172032500458183,0.0649738905973226,0.168394512314061
"88",74,1310,1310,0,0,0.07049,0.089685,0.10074,0.1870075,0.1576375,0.1284325,0.0580543521071287,-0.35173522954182,0.102090397455168,-0.299802778477658,0.134877525277564,0.0950519168665209,0.0842683962111538,0.210058934604449,0.699722056779829,0.51788875,-1.2593675,-0.176662967937861,-0.119837677540191,-0.452499538830474,-0.382012251920527,-0.291281780592945,-0.22021073816412,-0.120836924151022,-0.274752600349746,-0.177645076621546,0.0852181229961265,0.185693000253614
"89",75,1640,1640,0,1,0.0513775,0.084405,0.0718375,0.22438,0.1432,0.07951,-0.0804358609213243,-0.453308936638762,0.285977279870684,-0.514967886772389,0.110836954267293,0.0778681204826468,0.0607522111223123,0.190970893312008,0.715190534191752,0.59686875,-1.3122775,-0.166051211297326,-0.243238267081546,-0.627371875651614,-0.471907080726189,-0.21493649126158,-0.331860721967099,-0.0506945935677829,-0.258320335669251,0.0298630387700941,0.220849883018663,0.476718549475139
"90",62,2550,2550,1,1,0.0850925,0.113335,0.11889,0.1996025,0.1697925,0.1394875,0.0239207664980083,-0.275670061913321,0.097985644076565,-0.253420410213741,0.164254845666726,0.116079275282024,0.100581545648295,0.209385813958618,0.715724619396081,0.55845125,-1.3657925,-0.165688233059208,-0.142331582063978,-0.402219919563041,-0.33230672656296,-0.242207676551785,-0.176326933568886,-0.0797186287505684,-0.199406627756046,-0.103442138259055,0.0806995221916918,0.177283317113451
"91",71,2460,2460,1,1,0.0763475,0.1080275,0.1114375,0.1642375,0.167455,0.1419075,0.0155377850682342,-0.206453271628744,0.0825811143884601,-0.191529881200689,0.155203921221405,0.109719253238664,0.0922386824019619,0.1694218269075,0.685114974761638,0.4663125,-1.16232,-0.186862635460766,-0.171823728813559,-0.365317871022715,-0.373693871063668,-0.300382580009622,-0.200856961015445,-0.120270777003691,-0.215721506810778,-0.135555244363535,-0.00970024947805585,0.0729392934720474
"92",72,2840,2840,1,1,0.0836075,0.11614,0.1245275,0.181535,0.1680325,0.1436125,0.034850987358077,-0.219685899050978,0.0783583885510759,-0.186260976107821,0.170280938029628,0.120260649632371,0.102036429554596,0.194645253250387,0.671397884001526,0.51610125,-1.2980325,-0.196603166214236,-0.162868121002766,-0.369339128958956,-0.335499125735177,-0.264083267318018,-0.148704539239814,-0.0711755053330348,-0.182609154650784,-0.105764140864862,0.0386263025023779,0.116631682544076
