"","Name","EC","pH","Blue","Green","Red","NIR","SWIR1","SWIR2","Blue_R","Red_R","Green_R","NIR_R","SWIR1_R","SWIR2_R","EC_all","EC_bin","EC_cat","NBR","NBG","NBNIR","NBSWIR1","NBSWIR2","NDVI","NDSI2","NRSWIR1","NRSWIR2","NDWI","NGSWIR1","NGSWIR2","NNIRSWIR1","NNIRSWIR2","NDSI1","SI1","SI2","SI3","SI4","SI5","SAVI","VSSI"
"1","C-S01_20240213",488,6.04,9198,10559,10817,15373,16239,13794,0.052945,0.0974675,0.0903725,0.2227575,0.2465725,0.179335,488,0,0,-0.296002659353444,-0.26115094109233,-0.615926587535477,-0.64646473077533,-0.544127776821078,0.0377715076660986,-0.391256148020923,-0.433394372747355,-0.295761418339791,-0.422779676172835,-0.463577141670005,-0.329848076156577,-0.050742547887414,0.107991320405131,0.157868786062701,0.132917652373566,0.0938529788752067,0.0718360410065867,0.24024583397881,0.543206709928951,0.6056275,-1.42038
"2","C-S02_20240213",678.2,6.61,9204,10471,10791,14768,15569,13142,0.05311,0.0967525,0.0879525,0.20612,0.2281475,0.161405,678.2,0,0,-0.291216948869797,-0.247000443066017,-0.590248042279057,-0.62233895984996,-0.504836491620633,0.0476435396984382,-0.361100793238079,-0.404416743613419,-0.250438201485527,-0.401831181086297,-0.443514710534641,-0.294567037285825,-0.0507233444823754,0.121665192844024,0.171331206961834,0.130754305904242,0.0922476246645408,0.0716835076917976,0.226743131804099,0.548926384331154,0.56367625,-1.3384575
"3","C-S03_20240213",504.4,6.72,9911,11216,11948,16251,18521,16456,0.0725525,0.12857,0.10844,0.2469025,0.3093275,0.25254,504.4,0,0,-0.278524282464667,-0.19828169675539,-0.54577327010064,-0.620024615062323,-0.553650114967278,0.0849331251845915,-0.315156236475374,-0.412784955383394,-0.325286662643331,-0.389659272392129,-0.480859569018653,-0.399191090919165,-0.112228754292289,-0.0112875856580086,0.10106920225854,0.168194763592687,0.118076800430906,0.0965819596249735,0.292735654970491,0.564303492261025,0.68154125,-1.6604825
"4","C-S04_20240213",370,6.52,9089,10434,10526,15132,14973,13235,0.0499475,0.089465,0.086935,0.21613,0.2117575,0.1639625,370,0,0,-0.283457365731193,-0.27021350428287,-0.62456427168776,-0.618291587856556,-0.533004534617362,0.0143424036281181,-0.41448649356174,-0.405987268547336,-0.293959810991309,-0.42629468925808,-0.417896331511504,-0.307007841847767,0.0102188075136572,0.137249485322652,0.12720909187693,0.124746464679365,0.0881909279631414,0.0668472369473862,0.222419859090125,0.558290951768848,0.5850575,-1.354105
"5","C-S05_20240213",515.2,5.6,8794,10042,10054,14832,15725,12701,0.041835,0.076485,0.076155,0.20788,0.2324375,0.1492775,515.2,0,0,-0.292849898580122,-0.290872107805746,-0.664938029353463,-0.694938428023225,-0.562195042187193,0.00216194968553494,-0.462064600073849,-0.504827262501113,-0.32242954432202,-0.463763268611263,-0.506436481768028,-0.324365386534772,-0.0557722552476338,0.164080272708819,0.217858873767078,0.107933031320352,0.0763198216389425,0.056566332522093,0.208780799684853,0.546969994116493,0.5579425,-1.269515
"6","C-S06_20240213",891.1,5.85,9355,10600,10874,15337,16589,13631,0.0572625,0.099035,0.0915,0.2217675,0.2561975,0.1748525,891.1,0,0,-0.267262752123354,-0.230148726997731,-0.589560262337383,-0.634642378612901,-0.506602330741228,0.039546540005773,-0.382579624535345,-0.442421512671279,-0.276819862169687,-0.415834709952357,-0.473680426232573,-0.312940558095006,-0.0720345632002344,0.118287025364329,0.188713606310173,0.134833902357679,0.0951929750559357,0.0753059870627827,0.240029993032787,0.578204675114858,0.60393625,-1.4210125
"7","C-S07_20240213",98.1,5.48,8768,9820,9578,14501,13051,11039,0.04112,0.063395,0.07005,0.1987775,0.1589025,0.1035725,98.1,0,0,-0.213127302301105,-0.260232076999191,-0.657186923581947,-0.588846254796335,-0.431622233356947,-0.0498707332608942,-0.516387111539159,-0.429638210056344,-0.240630661655712,-0.478847960123127,-0.388082680905428,-0.19307693415312,0.111482330574815,0.314883413262775,0.210801028669397,0.0944771322860723,0.0666394759133053,0.0510568545838852,0.179892928087081,0.6486315955517,0.52864125,-1.1707625
"8","C-S08_20240213",177.3,5.31,9120,10547,10816,14905,16399,14125,0.0508,0.09744,0.0900425,0.2098875,0.2509725,0.1884375,177.3,0,0,-0.314624932541824,-0.278626834939738,-0.610261328218653,-0.66332253601637,-0.575317414702962,0.0394570159881589,-0.365888181174805,-0.44066300721128,-0.318309415746255,-0.399576567865835,-0.471914725158717,-0.353328784831945,-0.0891485483660981,0.0538504989644135,0.142315832593705,0.132673303291393,0.0936682507576607,0.0703558952753783,0.227130943721021,0.521346469622332,0.57343875,-1.3565525
"9","C-S09_20240213",283.9,5.79,9503,10887,11023,16318,17217,13969,0.0613325,0.1031325,0.0993925,0.248745,0.2734675,0.1841475,283.9,0,0,-0.25415741951175,-0.236801990978379,-0.604405350275334,-0.633617084826762,-0.500305523871598,0.0184668559437108,-0.413815887631349,-0.452296866702071,-0.282007101086048,-0.429004344547772,-0.46686423858821,-0.298917260351273,-0.047341838810829,0.149222959510733,0.19518590955279,0.143231217311381,0.101245232017365,0.0795322202396614,0.25810492454159,0.59469614331079,0.67342875,-1.5606025
"10","C-S10_20240214",139.5,6.09,8798,10119,9871,15813,13918,11722,0.041945,0.0714525,0.0782725,0.2348575,0.182745,0.122355,139.5,0,0,-0.260212967658017,-0.302181462765404,-0.696931927999205,-0.626641150028929,-0.489409616555082,-0.0455501753214229,-0.533462831771735,-0.437819018676423,-0.262644634495569,-0.500063871235589,-0.400250941028858,-0.219723118715031,0.124789722283751,0.314945585610806,0.197935103244838,0.105981338038826,0.0747847966250494,0.0547455487916598,0.21439401474017,0.587033343829817,0.62287,-1.375005
"11","C-S11_20240214",417.2,6.01,8798,10119,9871,15813,13918,11722,0.041945,0.0714525,0.0782725,0.2348575,0.182745,0.122355,417.2,0,0,-0.260212967658017,-0.302181462765404,-0.696931927999205,-0.626641150028929,-0.489409616555082,-0.0455501753214229,-0.533462831771735,-0.437819018676423,-0.262644634495569,-0.500063871235589,-0.400250941028858,-0.219723118715031,0.124789722283751,0.314945585610806,0.197935103244838,0.105981338038826,0.0747847966250494,0.0547455487916598,0.21439401474017,0.587033343829817,0.62287,-1.375005
"12","C-S12_20240214",478.7,6.05,8911,10210,10280,15603,15686,13140,0.0450525,0.0827,0.080775,0.2290825,0.231365,0.16135,478.7,0,0,-0.294690906244496,-0.283900578172498,-0.671311580060919,-0.674025703871861,-0.563450055110767,0.0117755008411073,-0.469501976538132,-0.473357426010539,-0.322270026633886,-0.478631306326295,-0.482443775229064,-0.332782653588023,-0.00495713409237745,0.173480691284665,0.178284506576016,0.115602295068048,0.081731832843758,0.0610396735738323,0.234541909625503,0.544770253929867,0.61405625,-1.3973625
"13","C-S13_20240214",181.8,6.07,9423,10691,11104,14788,16758,14840,0.0591325,0.10536,0.0940025,0.20667,0.260845,0.2081,181.8,0,0,-0.281031050047875,-0.227707578280602,-0.555064380508084,-0.63039588721082,-0.557445295763053,0.0569690889710955,-0.324680319200077,-0.424584590598162,-0.327761117845977,-0.37471833972179,-0.470180852337976,-0.377678105940864,-0.11587863491011,-0.00344769390264481,0.112475876701959,0.141199148744778,0.0995193619352536,0.078931617239228,0.231640128719981,0.561242406985573,0.569355,-1.372145
"14","C-S14_20240214",513,6.42,9352,10676,11088,15868,15495,13084,0.05718,0.10492,0.09359,0.23637,0.2261125,0.15981,513,0,0,-0.294509561998766,-0.241493665848644,-0.610424118548799,-0.596318292930452,-0.472971104659201,0.0570752103168606,-0.385156318673269,-0.36610453656363,-0.207343330940959,-0.432719117468784,-0.414518184875001,-0.261325966850829,0.0221792175920171,0.19324549447221,0.171802628766138,0.140596210830876,0.099093202592307,0.0774553135685345,0.264984938561812,0.544986656500191,0.643385,-1.51927
"15","C-S15_20240214",1080,4.65,9258,10547,10836,15801,16882,13780,0.054595,0.09799,0.0900425,0.2345275,0.264255,0.17895,1080,0,0,-0.284398859651997,-0.245078212773313,-0.622340011586784,-0.657550572369453,-0.532466976385707,0.0422666294390597,-0.410617486297714,-0.458984941131002,-0.292337690474471,-0.445158209323104,-0.491712473274579,-0.330520367668243,-0.0596001263075589,0.134414810963112,0.192473009104139,0.133077766385862,0.0939322339508648,0.0731420812528602,0.255227806036039,0.557148688641698,0.63531375,-1.4825025
"16","C-S16_20240214",786,4.86,9258,10547,10836,15801,16882,13780,0.054595,0.09799,0.0900425,0.2345275,0.264255,0.17895,786,0,0,-0.284398859651997,-0.245078212773313,-0.622340011586784,-0.657550572369453,-0.532466976385707,0.0422666294390597,-0.410617486297714,-0.458984941131002,-0.292337690474471,-0.445158209323104,-0.491712473274579,-0.330520367668243,-0.0596001263075589,0.134414810963112,0.192473009104139,0.133077766385862,0.0939322339508648,0.0731420812528602,0.255227806036039,0.557148688641698,0.63531375,-1.4825025
"17","C-S17_20240214",380.6,5.37,8842,10471,10678,16095,16506,13154,0.043155,0.093645,0.0879525,0.2426125,0.253915,0.161735,380.6,0,0,-0.369078947368421,-0.341685258280419,-0.697971252854156,-0.709462416265527,-0.578749572941578,0.0313467971750712,-0.44301614090392,-0.461129013695477,-0.266622288354609,-0.467865624007381,-0.485458547536692,-0.295499374217772,-0.0227630896576725,0.200019784962192,0.221773126428485,0.128471896853942,0.0907541286250934,0.0635708264457841,0.258314971859811,0.46083613647285,0.65335375,-1.5053825
"18","C-S18_20240214",1229,5.82,9139,10523,10686,15737,16077,13198,0.0513225,0.093865,0.0893825,0.2327675,0.2421175,0.162945,1229,0,0,-0.293017649591046,-0.270495007284745,-0.63868844380302,-0.650201063249727,-0.520949280688859,0.0244614524072634,-0.425256213022281,-0.441250660376657,-0.268992640473502,-0.445087692068912,-0.460739064856712,-0.291535801686301,-0.0196889773313538,0.176447547145971,0.195457491127912,0.12961431067305,0.0915963337830723,0.0694073948689907,0.244440705814897,0.546769296329836,0.62885125,-1.4543975
"19","C-S19_20240214",418.4,5.5,8865,10114,10197,14790,14225,11911,0.0437875,0.0804175,0.078135,0.206725,0.1911875,0.1275525,418.4,0,0,-0.294915663620627,-0.281715844081281,-0.650416645875954,-0.62730077667837,-0.488881755573713,0.0143958625691803,-0.439877412782852,-0.407834907310248,-0.226643265855652,-0.451414730042828,-0.41976626535102,-0.240255241567912,0.0390475292935004,0.2368466319151,0.199645479073853,0.112125164576245,0.0792680349352751,0.0593403849098571,0.212763904620209,0.544502129511612,0.55702125,-1.2794425
"20","C-S20_20240214",739.2,4.89,9319,10776,10822,16398,16864,13400,0.0562725,0.097605,0.09634,0.250945,0.26376,0.1685,739.2,0,0,-0.26860652142126,-0.262544024899664,-0.633663446906508,-0.648332591221204,-0.499293730327331,0.00652246770991784,-0.439936881365658,-0.459798264912208,-0.266417391631123,-0.445181911110471,-0.464926409330742,-0.27246639480441,-0.0248977569675833,0.196557355553172,0.22037662517929,0.137142741787526,0.0969704372476478,0.0741112499051257,0.254240053197011,0.57653296449977,0.676165,-1.55007
"21","C-S21_20240215",937.2,5.16,9322,10675,10839,16023,16523,13490,0.056355,0.0980725,0.0935625,0.2406325,0.2543825,0.170975,937.2,0,0,-0.270142947337748,-0.248186502576417,-0.620489077823141,-0.63728227201416,-0.504200941362777,0.0235343230620712,-0.420897240961899,-0.443489239761104,-0.270965164143878,-0.440072412812879,-0.462199485550877,-0.292633369560081,-0.0277769360524428,0.169232824960673,0.196087996567593,0.135543928903142,0.095790961375539,0.0743429602417068,0.252231725918504,0.574625914502026,0.6506175,-1.5064
"22","C-S22_20240215",1633,5.54,9324,10597,11060,15135,16778,13934,0.05641,0.10415,0.0914175,0.2162125,0.261395,0.183185,1633,0,1,-0.297334329845541,-0.236813177521097,-0.586167686086071,-0.645002438602287,-0.529122060143158,0.0651053983918598,-0.34979905575715,-0.430165916645009,-0.275062209615953,-0.405665897344212,-0.48177856510186,-0.334183046403438,-0.094601738875541,0.0826933067933576,0.175918844752351,0.138579875184855,0.097576291305829,0.0766492106939139,0.246326270954686,0.54162265962554,0.59260625,-1.4189775
"23","C-S23_20240215",1448,5.59,9080,10383,10462,15050,15305,12814,0.0497,0.087705,0.0855325,0.213875,0.2208875,0.152385,1448,0,1,-0.276591099304974,-0.26496958941083,-0.622877738784027,-0.632651175682543,-0.508127768018408,0.012540587343964,-0.418363286690099,-0.431580482351321,-0.269398975384231,-0.42865492681379,-0.441730304810391,-0.280990259228514,-0.0161294959891896,0.167886201059357,0.183518743009464,0.122507042986312,0.0866119386256883,0.0660222576105967,0.219307361236957,0.566672367595918,0.57854,-1.336835
"24","C-S24_20240215",1338,6.12,9631,11110,11515,17005,18217,14879,0.0648525,0.1166625,0.105525,0.2676375,0.3009675,0.2091725,1338,0,0,-0.285430956119329,-0.238719901395431,-0.609898042046377,-0.645440380515008,-0.526667274883679,0.0501265822784811,-0.392857142857143,-0.44131168737878,-0.283916706308408,-0.434428700633102,-0.48080222882341,-0.329355968827207,-0.0586171419526736,0.122616975315115,0.179940800564551,0.15730754759785,0.110954091012905,0.0869819221519621,0.295884954690832,0.555898424943748,0.727425,-1.71045
"25","C-S25_20240215",1849,5.56,8698,10009,10060,13925,13801,11370,0.039195,0.07665,0.0752475,0.1829375,0.1795275,0.112675,1849,0,1,-0.32331995338599,-0.315027197064028,-0.647102517641498,-0.641600658368481,-0.483834858760782,0.00923320001974998,-0.409447681417634,-0.401586790408994,-0.190281262379506,-0.417104014563201,-0.409302325581395,-0.199164549215767,0.00940780489150668,0.237684468687894,0.228788254720613,0.107412330559624,0.0759455125402416,0.0548114654976493,0.186347179308283,0.511350293542075,0.49566875,-1.1474425
"26","C-S26_20240215",1993,5.67,8698,10009,10060,13925,13801,11370,0.039195,0.07665,0.0752475,0.1829375,0.1795275,0.112675,1993,1,1,-0.32331995338599,-0.315027197064028,-0.647102517641498,-0.641600658368481,-0.483834858760782,0.00923320001974998,-0.409447681417634,-0.401586790408994,-0.190281262379506,-0.417104014563201,-0.409302325581395,-0.199164549215767,0.00940780489150668,0.237684468687894,0.228788254720613,0.107412330559624,0.0759455125402416,0.0548114654976493,0.186347179308283,0.511350293542075,0.49566875,-1.1474425
"27","C-S27_20240215",2260,5.22,8574,9863,9812,16012,15159,11760,0.035785,0.06983,0.0712325,0.24033,0.2168725,0.1234,2260,1,1,-0.322350044974672,-0.331230873455276,-0.740796407294062,-0.716731147897846,-0.550397336432453,-0.00994240141781107,-0.549716275470725,-0.512874844132856,-0.27723438389484,-0.542740220661986,-0.505510143871158,-0.268030775949546,0.0513065873436824,0.321474720259533,0.274698954514397,0.0997511802248474,0.0705277638593483,0.0499886642149998,0.235598131470888,0.512458828583703,0.63574,-1.408335
"28","C-S28_20240215",1991,5.33,9120,10352,10372,15148,16398,13244,0.0508,0.08523,0.08468,0.21657,0.250945,0.16421,1991,1,1,-0.253105932514886,-0.250073811632713,-0.620002244081236,-0.66329185239192,-0.527463838891214,0.00323700782767345,-0.435188866799205,-0.49294266379118,-0.316629249518923,-0.437809128630705,-0.495389199255121,-0.319538752059143,-0.0735270526079378,0.137507222017963,0.208921968903181,0.120145142640058,0.0849545549102577,0.0658003343456551,0.217976630845536,0.596034260237006,0.58404,-1.33964
"29","C-S29_20240216",217.7,5.58,9266,10591,10606,16505,15855,12999,0.054815,0.091665,0.0912525,0.2538875,0.2360125,0.1574725,217.7,0,0,-0.251570180229383,-0.249456586851969,-0.644868441298661,-0.623041149822489,-0.483577695342401,0.00225511501086546,-0.469458331223186,-0.440516971717619,-0.264141287441674,-0.471214579590891,-0.442332666187952,-0.266237812845512,0.0364870381710553,0.234381077401789,0.199601001308817,0.12934253353499,0.0914585174409688,0.0708845326922595,0.255035179173173,0.597992690776196,0.68055125,-1.5452575
"30","C-S30_20240216",306.6,6.44,8960,10373,10798,14963,16183,13776,0.0464,0.096945,0.0852575,0.2114825,0.2450325,0.17884,306.6,0,0,-0.352610834001884,-0.295140800941838,-0.640146190610065,-0.681572919972892,-0.587995027526194,0.064145662106722,-0.371359557756685,-0.433032874969844,-0.296952336058886,-0.425372379861158,-0.48374156044688,-0.354348299397003,-0.0734915610659014,0.0836295627333808,0.156161345687677,0.129101411035085,0.0909136311974173,0.0670689794167169,0.240473518018943,0.478621899014905,0.57717875,-1.3716225
"31","C-S31_20240216",650.7,5.66,8588,9762,9468,15381,13989,11094,0.03617,0.06037,0.068455,0.2229775,0.1846975,0.105085,650.7,0,0,-0.250673296043091,-0.30857825567503,-0.720853953829383,-0.672473315449308,-0.487876535343881,-0.0627595575392976,-0.573880129522936,-0.507319411998735,-0.270254752047385,-0.530217117171215,-0.459179743435281,-0.211075256425032,0.0938983258723247,0.359359878072014,0.274731911002217,0.091272251670483,0.0642855220870143,0.046728823011071,0.196642344240742,0.599138645022362,0.58762875,-1.2798275
"32","C-S32_20240216",263.5,5.46,9286,10668,11044,15261,16218,13962,0.055365,0.10371,0.09337,0.2196775,0.245995,0.183955,263.5,0,0,-0.303913248467704,-0.255521565199852,-0.597407673359572,-0.632565702150252,-0.537314056493398,0.0524660036533388,-0.358602296007112,-0.406871505983615,-0.278952948742461,-0.403477108106597,-0.449737008825306,-0.32663842062562,-0.0565150400764486,0.0885025363418457,0.14429584835446,0.139548274801231,0.0984042819190303,0.0757753531829447,0.244005071489772,0.533844373734452,0.60104875,-1.4301975
"33","C-S33_20240216",268.5,5.68,8718,10163,10055,16803,15602,12405,0.039745,0.0765125,0.0794825,0.2620825,0.229055,0.1411375,268.5,0,0,-0.316259166075307,-0.333291396699587,-0.736637648988246,-0.704278273809524,-0.560543446712645,-0.0190390717651209,-0.548058890414802,-0.499210485408298,-0.296921663220767,-0.534598099922416,-0.484778997690718,-0.2794624240776,0.0672469522282456,0.299947919250037,0.237491305199322,0.110325112565091,0.0779833622079095,0.0551451658126077,0.252289337668669,0.519457604966509,0.6934625,-1.53401
"34","C-S34_20240216",264.4,5.69,8718,10163,10055,16803,15602,12405,0.039745,0.0765125,0.0794825,0.2620825,0.229055,0.1411375,264.4,0,0,-0.316259166075307,-0.333291396699587,-0.736637648988246,-0.704278273809524,-0.560543446712645,-0.0190390717651209,-0.548058890414802,-0.499210485408298,-0.296921663220767,-0.534598099922416,-0.484778997690718,-0.2794624240776,0.0672469522282456,0.299947919250037,0.237491305199322,0.110325112565091,0.0779833622079095,0.0551451658126077,0.252289337668669,0.519457604966509,0.6934625,-1.53401
"35","C-S35_20240216",181.8,5.85,9349,10689,10910,15526,17025,14278,0.0570975,0.100025,0.0939475,0.226965,0.2681875,0.192645,181.8,0,0,-0.273210393164569,-0.243967029693138,-0.597993399339934,-0.64893862305363,-0.542749031502447,0.0313317609454946,-0.388207590446191,-0.456699596021319,-0.316465643899272,-0.414497721341487,-0.481146533751225,-0.344382703664611,-0.0832521293944795,0.0817902337885179,0.163926155381836,0.137226576803657,0.0969386336168403,0.0755723324868301,0.241647453364911,0.570832291927019,0.617425,-1.447055
"36","C-S36_20240304",71.1,5.87,9147,10496,10622,15305,15774,13331,0.0515425,0.092105,0.08864,0.2208875,0.233785,0.1666025,71.1,0,0,-0.282375258880245,-0.26463716940417,-0.621609220717249,-0.638713408276454,-0.52744734007197,0.0191706547898973,-0.41145554605941,-0.434747921077664,-0.2879603413121,-0.427256059639289,-0.450166705435373,-0.305444822080962,-0.0283665715432537,0.140093937908075,0.167793699853267,0.127829498258422,0.0903558918942201,0.0689008124952094,0.229522147873421,0.559605884588242,0.59827125,-1.3876825
"37","C-S37_20240304",127.8,6.12,9269,10731,10660,16398,16462,13523,0.0548975,0.09315,0.0951025,0.250945,0.252705,0.1718825,127.8,0,0,-0.258379911852615,-0.268033333333333,-0.641008035181507,-0.643062068741314,-0.51585236793368,-0.0103717082110462,-0.458579752684578,-0.461334952508999,-0.297067340797827,-0.45035002420188,-0.453131401709279,-0.287581699346405,-0.00349449022138387,0.186985236296126,0.190355344893573,0.133121778857744,0.0941211871737708,0.0715101539992748,0.245792978628322,0.589345142243693,0.6739375,-1.53027
"38","C-S38_20240304",1647,5.56,9300,10605,10961,15413,17343,14482,0.05575,0.1014275,0.0916375,0.2238575,0.2769325,0.198255,1647,0,1,-0.290610933498751,-0.243490798066322,-0.601226719598008,-0.664845611055586,-0.561032263144426,0.0507083106725715,-0.37637763807123,-0.463857173062692,-0.323100281130864,-0.419087465728459,-0.502740320698917,-0.36778288503497,-0.105982547574832,0.0606532618673931,0.165571484940155,0.136692974078773,0.0964083115257704,0.0751969622059296,0.24777309050607,0.549653693524932,0.6103575,-1.44315
"39","C-S39_20240304",348.2,6.1,9325,10593,10598,15189,15534,12812,0.0564375,0.091445,0.0913075,0.2176975,0.227185,0.15233,348.2,0,0,-0.236725102699779,-0.236014755152459,-0.588250314626006,-0.602023816869254,-0.459326763025854,0.000752383688321706,-0.408395804523804,-0.42601136113988,-0.249758999077018,-0.409022507726412,-0.426627000635808,-0.250464316864194,-0.0213258557034723,0.176655789096756,0.197238580820257,0.129225568604862,0.091376224136807,0.0718395934530534,0.218025330750486,0.61717425775056,0.58996625,-1.3630975
"40","C-S40_20240304",1452,6.49,8391,9527,9071,13574,11672,9655,0.0307525,0.0494525,0.0619925,0.173285,0.12098,0.0655125,1452,0,1,-0.233152546599339,-0.336837565367405,-0.698560313667831,-0.594648476760088,-0.361086583909001,-0.112521871775315,-0.555957124417756,-0.419682278908072,-0.139694689688166,-0.473026532498858,-0.32238451133367,-0.0276067605191951,0.177747948277913,0.451313351270428,0.297424829416733,0.0793008184856878,0.0553686202306866,0.038997282036701,0.138232471065048,0.621859359991911,0.45793875,-0.9897025
"41","C-S41_20240304",1643,7.13,9007,10194,10230,15309,15411,12441,0.0476925,0.081325,0.080335,0.2209975,0.2238025,0.1421275,1643,0,1,-0.260681690468347,-0.254964753666204,-0.644999813911943,-0.648667562938544,-0.497497629333052,0.00612396387479891,-0.46199836267562,-0.466944146299498,-0.272104809747038,-0.466801622792099,-0.471719205951256,-0.277765915603754,-0.00630620503597123,0.217197934595525,0.223198425928456,0.114313025723231,0.0808284843047301,0.0622783474612164,0.223720939658928,0.586443283123271,0.59315625,-1.3509425
"42","C-S42_20240304",1556,5.99,9288,10775,10901,16360,16434,13592,0.05542,0.0997775,0.0963125,0.2499,0.251935,0.17378,1556,0,1,-0.285813237970972,-0.269503896660241,-0.636971046770601,-0.639374664475932,-0.516404886561954,0.0176704574430108,-0.429317013533899,-0.432618971461065,-0.270518995092439,-0.44362205292992,-0.446873272600665,-0.286818404805761,-0.00405511771797505,0.179663897280967,0.183585262440835,0.138678214448052,0.098029691771167,0.0743617445330595,0.258890561972745,0.555435844754579,0.67463875,-1.5557625
"43","C-S43_20240304",3826,7.63,9342,10469,10668,15018,16515,13748,0.056905,0.09337,0.0878975,0.212995,0.2541625,0.17807,3826,1,2,-0.242655132257528,-0.21403290689042,-0.578325305668766,-0.634130855843185,-0.51565060112778,0.0301901885335208,-0.390465621072903,-0.462668959018221,-0.312039493073976,-0.415754796148126,-0.48606969537508,-0.339035784447348,-0.0881233845116476,0.0893074041399767,0.17604529969403,0.128233877763444,0.0905924366324253,0.0728918366485576,0.226256072698313,0.609456999036093,0.5791725,-1.35603
"44","C-S44_20240304",1787,6.06,9037,10285,10383,15371,16553,13153,0.0485175,0.0855325,0.0828375,0.2227025,0.2552075,0.1617075,1787,0,1,-0.276128310331966,-0.261276692931369,-0.642227711820662,-0.680516914972426,-0.538423118087763,0.0160064144443785,-0.445017600207634,-0.497960321652873,-0.308101439896457,-0.457763304313674,-0.509902527769971,-0.322517328099123,-0.0680148982025904,0.158671730704196,0.224266337262991,0.11907081910569,0.0841742149874295,0.0644191203661615,0.229947808435189,0.567240522608365,0.5995225,-1.3755
"45","C-S45_20240304",562.8,4.85,9134,10494,10855,16290,15547,13082,0.051185,0.0985125,0.088585,0.247975,0.2275425,0.159755,562.8,0,0,-0.316154244392859,-0.267582456893468,-0.657808530552213,-0.632723717609493,-0.514696122120034,0.0530605700236506,-0.431364767848768,-0.395730781616598,-0.237128171372705,-0.473585690515807,-0.439561569303525,-0.286582910525892,0.0429689759051981,0.216368675348883,0.175026949567193,0.13248401745588,0.0934169674764708,0.0710095931019183,0.275764939747135,0.51957873366324,0.66919375,-1.5552675
"46","C-S46_20240304",201,5.71,9031,10325,10309,14911,14618,11840,0.0483525,0.0834975,0.0839375,0.2100525,0.201995,0.1256,201,0,0,-0.266552901023891,-0.268992365258145,-0.625761885412434,-0.613716933462487,-0.444072376079677,-0.00262788544808431,-0.431119059785386,-0.415063442997627,-0.201353435598226,-0.428977176094425,-0.412885908387469,-0.198830758217503,0.0195547843391843,0.251606944682372,0.233199529907355,0.1183948327103,0.0837172109321016,0.0635398526025202,0.208951405733433,0.579089194287254,0.56688,-1.299875
"47","C-S47_20240305",932.6,5,9341,10796,11185,16392,17889,14481,0.0568775,0.1075875,0.09689,0.25078,0.2919475,0.1982275,932.6,0,0,-0.308333079986623,-0.260214284552977,-0.630254422531549,-0.673890919515516,-0.554085572607358,0.0523162695162061,-0.399568878316254,-0.461436419838062,-0.296388339355493,-0.4426323812811,-0.501642717073328,-0.343380179081214,-0.0758529833111461,0.117041474808327,0.191197021471923,0.144785158964066,0.102098740810061,0.0782260061057063,0.278468296521829,0.528662716393633,0.68074375,-1.5980575
"48","C-S48_20240305",321.3,5.02,8477,9943,9413,16697,13143,10414,0.0331175,0.0588575,0.0734325,0.2591675,0.1614325,0.086385,321.3,0,0,-0.279858657243816,-0.378366963866729,-0.773388986776605,-0.659547674119764,-0.445743812890944,-0.11017461637312,-0.629856143384954,-0.465636206818285,-0.189527858581338,-0.5584335538184,-0.374683328720754,-0.0810455676005442,0.232370423204945,0.500018086976653,0.302833738537432,0.094109177886644,0.0657423255502116,0.0441498953141454,0.207727520256698,0.562672556598564,0.6773475,-1.44326
"49","C-S49_20240305",816.2,5.23,8292,9912,9532,14296,11441,9586,0.02803,0.06213,0.07258,0.19314,0.1146275,0.063615,816.2,0,0,-0.378216503992902,-0.442798926548057,-0.746529818691504,-0.607030825578746,-0.388291778056631,-0.0775740479548657,-0.513221295099306,-0.297002956027325,-0.0118096146964091,-0.453710672888755,-0.224603715128935,0.0658247365909175,0.255103284134939,0.504469241105334,0.286197175196713,0.0955405322363237,0.067152031987126,0.0417313299572396,0.165331884816754,0.451150812811846,0.513915,-1.13119
"50","C-S50_20240305",922.4,4.97,9332,10522,10601,15825,16719,13168,0.05663,0.0915275,0.089355,0.2351875,0.2597725,0.16212,922.4,0,0,-0.235543256331944,-0.224166866458883,-0.611880713116931,-0.642038226625896,-0.48224,0.0120105593410085,-0.439710451004698,-0.478921150014233,-0.278309464907007,-0.449347928237442,-0.488123966172816,-0.289352818371607,-0.049670680459027,0.183906671784449,0.231462991164811,0.127912467262773,0.090434726529691,0.0719944603771707,0.240905644969504,0.618721149381334,0.6337325,-1.454865
"51","C-S51_20240305",930.8,5.36,9242,10438,10459,16810,17055,13231,0.054155,0.0876225,0.087045,0.262275,0.2690125,0.1638525,930.8,0,0,-0.236056496975895,-0.232932011331445,-0.657712606263628,-0.664848723958938,-0.503182229969152,0.00330628193567784,-0.499153323473303,-0.508615250886761,-0.303131524008351,-0.501631741669529,-0.511062117775921,-0.306130989746809,-0.0126814577794509,0.230969604167767,0.242939484596814,0.123509248768058,0.087333272654241,0.0688853866034009,0.264015063329312,0.618049017090359,0.69949875,-1.5753975
"52","C-S52_20240305",926.6,4.39,8442,9831,9130,18542,13757,10387,0.032155,0.051075,0.0703525,0.309905,0.1783175,0.0856425,926.6,0,0,-0.227321879130121,-0.372631270882618,-0.811992048178682,-0.694449393626246,-0.454063116789406,-0.158757283152498,-0.717020333536484,-0.554693374892379,-0.25283888309836,-0.629974425225012,-0.434169783246873,-0.0980159620500659,0.269523629083051,0.566967304811685,0.351094862858009,0.0869375056074764,0.0599437564513603,0.0405255058574227,0.224986999395899,0.629564366128243,0.8003,-1.664195
"53","C-S53_20240305",29.3,5.38,9470,10524,10858,14868,16372,13790,0.060425,0.098595,0.08941,0.20887,0.25023,0.179225,29.3,0,0,-0.240032700289272,-0.19344612406981,-0.551235633784511,-0.610983245078946,-0.495722929271855,0.0488550836413925,-0.358658709121363,-0.43470221457751,-0.290223885969333,-0.400496178087703,-0.473501354375221,-0.334338414577401,-0.090089305162274,0.0763859364330898,0.165337462597944,0.133098167248839,0.0938902494937573,0.0771855094885044,0.23032700648697,0.612860692732897,0.5714725,-1.358505
"54","C-S54_20240305",1404,4.81,9052,10277,10410,15311,16585,13143,0.04893,0.086275,0.0826175,0.2210525,0.2560875,0.1614325,1404,0,1,-0.276210199326948,-0.2560862046029,-0.637532062263295,-0.679165949494701,-0.534803018598847,0.0216557869650812,-0.438546827081859,-0.496002044616452,-0.303412290705772,-0.4558731517766,-0.512156596448237,-0.322946117598853,-0.0734270863897389,0.155875393806293,0.226707702625024,0.119453032323378,0.0844264461676553,0.0649725769074923,0.230838556449905,0.567139959432049,0.59576875,-1.3714025
"55","C-S55_20240305",3312,5.1,8927,10299,9919,17798,15593,11896,0.0454925,0.0727725,0.0832225,0.289445,0.2288075,0.12714,3312,1,2,-0.230668414154653,-0.293128229033135,-0.728352304534428,-0.668301130149471,-0.47295555587737,-0.0669893265809799,-0.598183411900308,-0.517391736852576,-0.27195648096042,-0.553368619479831,-0.466573726885236,-0.208770574603363,0.117003777116367,0.389608363239195,0.285624986830923,0.110552346255066,0.0778222936005487,0.0575378393429055,0.253100258493797,0.625133120340788,0.75999875,-1.6446425
"56","T-S01_20240217",1245,4.7,9629,10765,10899,16338,17222,13593,0.0647975,0.0997225,0.0960375,0.249295,0.273605,0.1738075,1245,0,0,-0.212284220763433,-0.194236329157211,-0.587398616649554,-0.617038881213939,-0.456863854487542,0.0188240702901512,-0.42855300951958,-0.465763973990665,-0.270847804628377,-0.443796920359364,-0.480376309542328,-0.288202486612685,-0.0464907248039778,0.178414214049787,0.223054787248903,0.138447746144529,0.0978626567887363,0.0803851273168737,0.258860555902642,0.649778134322746,0.67309875,-1.5530125
"57","T-S02_20240217",756.4,5.27,9643,10866,11249,15692,17411,14023,0.0651825,0.1093475,0.098815,0.23153,0.2788025,0.1856325,756.4,0,0,-0.253051051395176,-0.205079345721734,-0.560635295108902,-0.621015451255142,-0.480234435739489,0.0505974899417522,-0.35843521499659,-0.436570913306711,-0.258610753271408,-0.401746658796107,-0.476639721411216,-0.30521449476617,-0.0926307848314579,0.110023072543673,0.200609342534477,0.147381409890291,0.103947935104551,0.0844247796488092,0.256208335525983,0.596104163332495,0.63349875,-1.5067575
"59","T-S04_20240217",2745,7.32,9579,10725,10987,14862,16313,13341,0.0634225,0.1021425,0.0949375,0.208705,0.2486075,0.1668775,2745,1,1,-0.233865853290249,-0.19900858802728,-0.533876583586738,-0.593484600839663,-0.449218410768563,0.0365587578648265,-0.342812794054963,-0.417576621525303,-0.240632666716229,-0.374675811192438,-0.447306757484463,-0.274774172602792,-0.0872543392100587,0.111367009911271,0.19670986918902,0.13944970137114,0.0984741265193553,0.0804868480327687,0.224544047004608,0.620921751474655,0.57283375,-1.3643625
"60","T-S05_20240217",4485,5.02,9473,10552,10728,15065,16015,12942,0.0605075,0.09502,0.09018,0.2142875,0.2404125,0.155905,4485,1,2,-0.221906093777628,-0.196914143508917,-0.559617169162467,-0.597849926890868,-0.440813261710853,0.0261339092872571,-0.385595240981871,-0.433447862088498,-0.242642223772044,-0.407621503116096,-0.45443408425781,-0.267082512140114,-0.0574554651418518,0.157708489502083,0.213231815400531,0.131000888546605,0.0925683725686047,0.0758249474117852,0.22578840374806,0.636786992212166,0.58322875,-1.3661775
"62","T-S07_20240217",6410,5.3,9694,10924,11309,14919,16464,13938,0.066585,0.1109975,0.10041,0.2102725,0.25276,0.183295,6410,1,2,-0.250095026255402,-0.202550974580077,-0.518994428541759,-0.582990183030891,-0.46706419081159,0.0500810046947248,-0.309007999501976,-0.38971705050755,-0.245665451888852,-0.353616634345353,-0.431378656171249,-0.292152059357431,-0.0917592177654915,0.0685460562673494,0.159303298895782,0.149675024991647,0.105571108618788,0.0859695791399493,0.232444196979883,0.599878375639091,0.58118,-1.40553
"63","T-S08_20240218",924.4,5.68,9229,10238,10101,15314,14465,11621,0.0537975,0.0777775,0.081545,0.221135,0.1977875,0.1195775,924.4,0,0,-0.182253467604028,-0.205016901564549,-0.608649395760778,-0.572331418804778,-0.379408795962509,-0.0236470052880163,-0.479596871994313,-0.435505234699617,-0.211801069139368,-0.461180124223603,-0.416143842911226,-0.189101169685142,0.0557322655145045,0.298073889276149,0.24643549225655,0.112689513847784,0.0796389743624314,0.0646856634521901,0.210918234870317,0.691684613159333,0.59172625,-1.3314725
"64","T-S09_20240218",160.2,6.24,9080,10224,10211,15880,15173,12088,0.0497,0.0808025,0.08116,0.2367,0.2172575,0.13242,160.2,0,0,-0.238328767648129,-0.240409598043711,-0.652932960893855,-0.627656087579484,-0.454206018010103,-0.00220730107277926,-0.491011881796206,-0.457810507951419,-0.242082800830119,-0.489334927326496,-0.456064071309491,-0.24000374566907,0.0428288991810908,0.282509752925878,0.242616410835699,0.11452506104015,0.0809810527222263,0.0633710048050368,0.235657365081321,0.615079978961047,0.63215125,-1.4251925
"65","T-S10_20240218",130.8,6.37,9330,10786,10716,16943,16346,12960,0.056575,0.09469,0.096615,0.2659325,0.249515,0.1564,130.8,0,0,-0.251975010742736,-0.261374763365755,-0.64915544599738,-0.630337482439805,-0.468716985561686,-0.0100624656961397,-0.47485251197582,-0.449804622245464,-0.245768449559919,-0.467021562691785,-0.441741542195129,-0.236290338517479,0.0318509644532179,0.259351340472258,0.229395316753508,0.13527991101786,0.0956476573157963,0.0731921221853827,0.260633943228277,0.597475974231703,0.71217625,-1.6098825
"66","T-S11_20240218",405.1,6.33,9709,11027,11439,15344,17010,14495,0.0669975,0.1145725,0.1032425,0.22196,0.267775,0.1986125,405.1,0,0,-0.262020157515008,-0.212905310150376,-0.536281287040482,-0.599743109126347,-0.495519746997478,0.0520166196083833,-0.319099938341765,-0.400689163653483,-0.268339799160241,-0.365057156694675,-0.443462909431496,-0.31594639810505,-0.0935505936884233,0.055513615369526,0.148294068773284,0.154226688878741,0.108760063126361,0.087613190038658,0.246318251688985,0.584760741015514,0.61218625,-1.4761775
"67","T-S12_20240218",6372,5.69,9243,10632,10876,13539,13797,11903,0.0541825,0.09909,0.09238,0.1723225,0.1794175,0.1273325,6372,1,2,-0.292991241090215,-0.260622601279318,-0.521577890112801,-0.536108732876712,-0.40299699749332,0.0350446545150676,-0.269819923548105,-0.288421317199716,-0.124733628504234,-0.302008859002087,-0.320229214764668,-0.159082892416226,-0.0201711491442543,0.150139326892593,0.169796251018745,0.135472847833062,0.0956761945313462,0.0732730777639373,0.184839105055207,0.546800888081542,0.48035125,-1.1723025
"68","T-S13_20240218",1132,6.9,9603,10575,11081,15237,17356,13973,0.0640825,0.1047275,0.0908125,0.2190175,0.27729,0.1842575,1132,0,0,-0.240773650850068,-0.17256851415475,-0.547280113034263,-0.624559681872441,-0.483913183538697,0.0711619106065253,-0.353024757139106,-0.451713599507876,-0.275204595394225,-0.4137914340122,-0.506591234778356,-0.339713527465736,-0.117412088271888,0.0861942842973156,0.201566469323309,0.138617312816618,0.0975221313023357,0.0819219141545777,0.252577070681349,0.611897543625122,0.5999075,-1.4371
"70","T-S15_20240218",1428,4.93,8988,10254,10169,15044,13312,11113,0.04717,0.0796475,0.081985,0.21371,0.16608,0.1056075,1428,0,1,-0.256096358940998,-0.269559831210561,-0.638377798221405,-0.557608440797187,-0.38250069545581,-0.0144618192504601,-0.456993599959094,-0.351741258100945,-0.140131170548703,-0.445475912680296,-0.339003890109447,-0.12592454389168,0.125411411569552,0.338542359876925,0.222581090407177,0.114303387881768,0.0808077984324533,0.061294147966996,0.207616847289138,0.59223453341285,0.57409875,-1.3028175
"71","T-S16_20240218",142.4,5.29,8762,10010,9785,16227,14199,11014,0.040955,0.0690875,0.075275,0.2462425,0.1904725,0.102885,142.4,0,0,-0.255651225662812,-0.295276606728039,-0.714795567510163,-0.646066262652451,-0.430547830923248,-0.0428608537535714,-0.561808264357974,-0.467656803821852,-0.19652851473346,-0.53175177089894,-0.433484792895512,-0.15497305792546,0.127703422140298,0.410616465331433,0.298569151973275,0.102173422577743,0.0721149191395234,0.0531928431511233,0.226001709980073,0.592798986792111,0.65015,-1.4261
"72","T-S17_20240218",8242,3.89,10212,11521,12286,14795,17172,14314,0.08083,0.137865,0.1168275,0.2068625,0.27223,0.193635,8242,1,2,-0.260797000388669,-0.182120587379684,-0.438080589518322,-0.542117487112672,-0.410999581003042,0.0825996054065198,-0.200150843782408,-0.32764359477682,-0.168235294117647,-0.278151935493837,-0.399433245728459,-0.247397028626646,-0.136440249012456,0.0330276718331575,0.168707672823672,0.180708115427199,0.126911084179042,0.105563383566462,0.244112889195609,0.586298190258586,0.58608875,-1.4899825
"73","T-S18_20240218",5867,5.4,9243,10632,10876,13539,13797,11903,0.0541825,0.09909,0.09238,0.1723225,0.1794175,0.1273325,5867,1,2,-0.292991241090215,-0.260622601279318,-0.521577890112801,-0.536108732876712,-0.40299699749332,0.0350446545150676,-0.269819923548105,-0.288421317199716,-0.124733628504234,-0.302008859002087,-0.320229214764668,-0.159082892416226,-0.0201711491442543,0.150139326892593,0.169796251018745,0.135472847833062,0.0956761945313462,0.0732730777639373,0.184839105055207,0.546800888081542,0.48035125,-1.1723025
"74","T-S19_20240219",8127,7.65,8806,10132,10128,14154,13789,11106,0.042165,0.07852,0.07863,0.189235,0.1791975,0.105415,8127,1,2,-0.301238762066537,-0.301875077610828,-0.635566119273984,-0.619041165509063,-0.428581108551294,-0.000699968183264391,-0.413493678922896,-0.39065061549953,-0.146220132111887,-0.412913221212178,-0.390057305756756,-0.145535059360483,0.0272437963534704,0.284473103682335,0.259238438227415,0.111121857885836,0.0785749807508726,0.0575395151178736,0.188970268345415,0.536996943453897,0.5123475,-1.181515
"75","T-S20_20240219",578.3,6.53,9643,10705,11018,14711,16870,13888,0.0651825,0.102995,0.0943875,0.2045525,0.263925,0.18192,578.3,0,0,-0.224836853919222,-0.18302312464749,-0.516692309118209,-0.60388322964381,-0.472425410507785,0.0436082226134535,-0.330217283509051,-0.438596969366619,-0.277012442307355,-0.36851876630762,-0.473155416012559,-0.316793789527972,-0.126735008618343,0.058561734664174,0.183931635433839,0.139703150219492,0.0985973659004134,0.0819357772130099,0.223206301019732,0.632870527695519,0.56287875,-1.3489625
"76","T-S21_20240219",6652,6.33,9158,10270,10354,13606,14706,12058,0.051845,0.084735,0.082425,0.174165,0.204415,0.131595,6652,1,2,-0.240811246156099,-0.227750055857601,-0.541214990487147,-0.595371887926325,-0.434747056258177,0.0138190954773868,-0.345422943221321,-0.41390281860626,-0.216613507141867,-0.357535367707237,-0.425289359921908,-0.229744883655733,-0.079903851233557,0.139226844583987,0.216719740483914,0.118211255174793,0.0835720190913203,0.0662803596474853,0.179046057324841,0.611848704785507,0.47778,-1.12965
"77","T-S22_20240219",753.6,5.4,9969,10987,11580,14938,18130,15357,0.0741475,0.11845,0.1021425,0.210795,0.298575,0.2223175,753.6,0,0,-0.230026350290113,-0.158800839525782,-0.479561665950148,-0.602130271180302,-0.499789182534195,0.0739259040991873,-0.280475026196298,-0.431928541454349,-0.304804595508668,-0.347201917315758,-0.490201950251736,-0.370384639092646,-0.172330525943813,-0.0266039423937199,0.146397769213417,0.156408096997086,0.109994450428192,0.0937164413270158,0.244449350172553,0.625981426762347,0.5862125,-1.44194
"80","T-S25_20240219",3630,7.29,9209,10787,11002,13333,14140,11917,0.0532475,0.102555,0.0966425,0.1666575,0.18885,0.1277175,3630,1,2,-0.316474382631858,-0.28951230902662,-0.515722698437962,-0.560115242825721,-0.411516039013069,0.029681597409606,-0.238111157542833,-0.296134246152262,-0.109272709507214,-0.265913406760349,-0.322976960865872,-0.138505081119629,-0.0624248433577351,0.13228025477707,0.193110474069511,0.140915935334688,0.0995548672215478,0.0738972080832558,0.176853453837597,0.519209204816927,0.46792125,-1.1527775
"81","T-S26_20240219",3548,7.07,9209,10787,11002,13333,14140,11917,0.0532475,0.102555,0.0966425,0.1666575,0.18885,0.1277175,3548,1,2,-0.316474382631858,-0.28951230902662,-0.515722698437962,-0.560115242825721,-0.411516039013069,0.029681597409606,-0.238111157542833,-0.296134246152262,-0.109272709507214,-0.265913406760349,-0.322976960865872,-0.138505081119629,-0.0624248433577351,0.13228025477707,0.193110474069511,0.140915935334688,0.0995548672215478,0.0738972080832558,0.176853453837597,0.519209204816927,0.46792125,-1.1527775
"82","T-S27_20240219",2042,8.53,10244,11818,12439,14622,15622,13441,0.08171,0.1420725,0.124995,0.202105,0.229605,0.1696275,2042,1,1,-0.269737356585077,-0.209404707191408,-0.424202385356658,-0.475065448179497,-0.349798577609788,0.0639445084107949,-0.17442308111367,-0.235506588372985,-0.0884023099133782,-0.23573830632834,-0.295008460236887,-0.151490466614057,-0.0637001690949944,0.0873679325859321,0.150232007664707,0.189230931090163,0.133260467271806,0.1077438813808,0.229717689607584,0.575128895458305,0.57629875,-1.4708975
"83","T-S28_20240219",5508,4.78,9713,10993,11370,13863,15796,13723,0.0671075,0.112675,0.1023075,0.1812325,0.23439,0.1773825,5508,1,2,-0.253459040785394,-0.207773809875159,-0.459551421438351,-0.554838763173824,-0.451040942369831,0.0482248555114953,-0.233262165817477,-0.350697996052612,-0.22308507795868,-0.278355787543204,-0.392288330029181,-0.268422181701169,-0.12789851367527,0.0107357472498362,0.138444165164017,0.152192247441353,0.107366184446035,0.0869559518520728,0.199597995625932,0.595584646106057,0.50941875,-1.2649225
"84","T-S29_20240219",5203,7.45,9376,10795,11048,14147,15193,13062,0.05784,0.10382,0.0968625,0.1890425,0.2178075,0.159205,5203,1,2,-0.284424099962885,-0.252242206816309,-0.531437019634847,-0.580333578211302,-0.467022967587367,0.0346691913844007,-0.290998335396304,-0.354408438333165,-0.210569337515445,-0.322414788128924,-0.384355038611879,-0.243461196754762,-0.0707017328253656,0.0856790070280476,0.155439143264481,0.141989211936154,0.10028092914408,0.0774916047065745,0.202621162472577,0.557118089000193,0.52451625,-1.2705875
"85","T-S30_20240219",2125,4.83,10002,11175,11666,15868,18133,14906,0.075055,0.120815,0.1073125,0.23637,0.2986575,0.209915,2125,1,1,-0.233624342676265,-0.176881845723608,-0.517989885205106,-0.59832759139713,-0.473242797487455,0.0591883924559732,-0.323515825132634,-0.423967006180381,-0.269404045596106,-0.37551373724295,-0.471327930635269,-0.32343507419754,-0.116419249477831,0.0592782638896669,0.174493312162966,0.161592811972717,0.113863776889316,0.0952248382776259,0.26611104531159,0.621239084550759,0.6513325,-1.5713
"86","T-S31_20240220",1585,6.68,9563,10779,10991,14934,16439,13783,0.0629825,0.1022525,0.0964225,0.210685,0.2520725,0.1790325,1585,0,1,-0.237661512391443,-0.209780119820583,-0.539715165300958,-0.600180920791608,-0.47951573249592,0.0293444066943501,-0.346498901537847,-0.422832145629013,-0.272961587002506,-0.372060272054574,-0.446634815420594,-0.299903795538291,-0.0894366920039114,0.081219088185673,0.169425082056576,0.140544911905412,0.0992947213161405,0.0802503462998759,0.223423661100884,0.615950710251583,0.57783875,-1.3718425
"87","T-S32_20240220",631.7,4.6,9894,10975,11658,15039,18119,14978,0.072085,0.120595,0.1018125,0.2135725,0.2982725,0.211895,631.7,0,0,-0.251764583765829,-0.170948403513564,-0.495304691807497,-0.610727472779679,-0.492323403056553,0.0844508391128898,-0.278236213874778,-0.424185452440211,-0.274594724653373,-0.354360543462752,-0.49104565279878,-0.350908091135851,-0.16547978391896,0.00394272182951694,0.169312039673245,0.15782566071856,0.110806490953825,0.0932367447683584,0.252972627501535,0.59774451677101,0.59422875,-1.4672125
"88","T-S33_20240220",675.5,4.83,9427,10646,10902,15201,17577,14302,0.0592425,0.099805,0.092765,0.2180275,0.2833675,0.193305,675.5,0,0,-0.255033873528349,-0.220531881650577,-0.572672845962419,-0.654169463821838,-0.530840732931429,0.0365581347042633,-0.371964792776069,-0.479059692436174,-0.318992869571151,-0.403042222704859,-0.506742969565246,-0.351452441710071,-0.130316417196023,0.0601034442938498,0.188939995489566,0.136258516247609,0.0962206361702104,0.0768940681229703,0.234573757748073,0.593582485847402,0.59497125,-1.4036325
"89","T-S34_20240220",2642,5.7,9233,10364,10672,14009,15567,12847,0.0539075,0.09348,0.08501,0.1852475,0.2280925,0.1532925,2642,1,1,-0.268492918327538,-0.223891878273076,-0.549183583868203,-0.617677304964539,-0.479657335907336,0.04745363885932,-0.329237337542941,-0.418607001531536,-0.242379114366471,-0.370896274848987,-0.456982936897662,-0.286537069481017,-0.103655586200223,0.0943906185384298,0.196127272965638,0.126353513999414,0.0891444602877823,0.0709878376906918,0.20370469709446,0.576674154899444,0.50985875,-1.2236175
"90","T-S35_20240220",5108,7.08,9890,11381,12065,14115,15920,14037,0.071975,0.1317875,0.1129775,0.1881625,0.2378,0.1860175,5108,1,2,-0.293540273602846,-0.22169205606845,-0.446638796790159,-0.535307884755064,-0.442038043741582,0.0768492227238371,-0.176199406157212,-0.286840058172963,-0.170639228457702,-0.249667928538221,-0.355845229525839,-0.244285021488654,-0.116530210992752,0.00573253514351384,0.122181127490016,0.173585312346696,0.122020581383839,0.097393045503773,0.219490300889558,0.546144361187518,0.5363,-1.373795
"91","T-S36_20240220",5005,6.68,9242,11005,11637,14280,16647,13595,0.054155,0.1200175,0.1026375,0.1927,0.2577925,0.1738625,5005,1,2,-0.378145229585612,-0.309214407576893,-0.561240404285917,-0.65279414003959,-0.52499259925225,0.0780579820798994,-0.232422234125049,-0.364667425425478,-0.183221042602423,-0.304947729292758,-0.43047193629831,-0.257594936708861,-0.144491861684712,0.0513895993179881,0.194437687505068,0.157919779358065,0.110987819855379,0.0806197724661885,0.225330627207405,0.451225862894995,0.54175875,-1.3583125
"92","T-S37_20240220",2445,6.28,9382,10624,10857,15827,17089,13343,0.058005,0.0985675,0.09216,0.2352425,0.2699475,0.1669325,2445,1,1,-0.259065289243003,-0.227449805214265,-0.604395604395605,-0.646259747981796,-0.484256737982773,0.0335950505302065,-0.409439501512837,-0.465055696511675,-0.257495291902072,-0.437023235925199,-0.490979888569002,-0.288593841967637,-0.0686969259090639,0.169851432833965,0.235797015198682,0.134940793151108,0.0953099197355658,0.0756135426858178,0.251597928805881,0.588479975651203,0.63739,-1.48473
"93","T-S38_20240220",5745,6.9,9677,10813,11137,13780,15207,13079,0.0661175,0.1062675,0.0973575,0.17895,0.2181925,0.1596725,5745,1,2,-0.232908895785596,-0.191099556507111,-0.460413967580361,-0.534891491681615,-0.414345188006555,0.0437569060773482,-0.254831838859817,-0.344957775997041,-0.200815973527863,-0.295296001737195,-0.38293455870702,-0.24244251643777,-0.0988121392195497,0.0569291762951369,0.154870125573948,0.14412239368849,0.101714984792065,0.0838220820025964,0.195327212849549,0.622179876255675,0.50050875,-1.2313725
"94","T-S39_20240220",1986,5.08,9541,10775,11104,15265,16172,13077,0.0623775,0.10536,0.0963125,0.2197875,0.24473,0.1596175,1986,1,1,-0.256248602727476,-0.213844602684479,-0.557865078943172,-0.593774167026204,-0.43802788351089,0.0448623386926824,-0.351924895624294,-0.398097632037476,-0.20476266852846,-0.390620056944005,-0.435187696548084,-0.247352791779002,-0.0536955012459164,0.158590424480436,0.210493449322674,0.142747424692181,0.100734725889338,0.0810684488565064,0.240434118105127,0.592041571753986,0.60214875,-1.4331125
"95","T-S40_20240220",5563,4.68,10045,11478,12118,14734,17105,14909,0.0762375,0.133245,0.115645,0.205185,0.2703875,0.2099975,5563,1,2,-0.272134903870252,-0.205373079879614,-0.458198971297604,-0.560115398485395,-0.467308330567541,0.0707139700269195,-0.212569807641167,-0.339770707264653,-0.223610129864454,-0.279088613907677,-0.400853555076321,-0.289742585811127,-0.137103175646195,-0.011591288168456,0.125711668765678,0.176431278547768,0.124133468593285,0.100788221968145,0.236412082882961,0.57216030620286,0.579585,-1.46086
"97","T-S42_20240220",5648,6.81,10170,11836,12544,14828,17990,15170,0.079675,0.14496,0.12549,0.20777,0.294725,0.217175,5648,1,2,-0.290627017161173,-0.223308069115102,-0.445633077632243,-0.574385683760684,-0.463196900791646,0.0719911259012756,-0.178068210812803,-0.340618852132777,-0.199414582959394,-0.246894316749685,-0.402734314577062,-0.26756453095589,-0.173046497975104,-0.0221322759415924,0.151494432506349,0.191731952736105,0.13487412798606,0.107469474735852,0.240005890509204,0.549634381898455,0.591905,-1.51267
"98","T-S43_20240220",1133,6.05,10034,10964,11531,14482,16445,13710,0.075935,0.1171025,0.10151,0.198255,0.2522375,0.177025,1133,0,0,-0.213261671954931,-0.144129166784074,-0.446114008534228,-0.537225087415917,-0.399628399746996,0.0713248327520156,-0.257334929405516,-0.365882384794498,-0.203729675055886,-0.322736143312261,-0.426087816875031,-0.271114940671729,-0.119829963872872,0.0565710935834578,0.175213301884045,0.154975080597656,0.109027862379302,0.0942983474802183,0.22870806952517,0.648449008347388,0.55418875,-1.3737675
"99","T-S44_20240220",732.1,5.09,8688,9642,9308,14127,11735,9832,0.03892,0.05597,0.065155,0.1884925,0.1227125,0.07038,732.1,0,0,-0.179681736747813,-0.25207782848907,-0.657714505579069,-0.518413685366495,-0.287831655992681,-0.0758307533539731,-0.542097458710436,-0.373525667035104,-0.114048278591215,-0.486255531791167,-0.306372842561912,-0.038550927804626,0.21137192525827,0.456257424021478,0.271022955319342,0.0858942077499991,0.0603881225904565,0.0466728229272668,0.161920423988949,0.695372520993389,0.49921625,-1.0920025
"100","T-S45_20240306",190.8,5.34,9660,10979,11405,15060,16815,14539,0.06565,0.1136375,0.1019225,0.21415,0.2624125,0.1998225,190.8,0,0,-0.267656696646448,-0.216458547792747,-0.530736240171551,-0.599771385025719,-0.505410164894669,0.0543468175913897,-0.306639209853945,-0.395625581704561,-0.274947361704843,-0.355068852873945,-0.440501187094295,-0.324446138295581,-0.101272131147541,0.0346097868819789,0.135407314461259,0.152648869673182,0.107620714055195,0.0863730390515466,0.238764459515809,0.577714222857771,0.59219375,-1.4350925
"101","T-S46_20240306",547.2,4.66,9592,10762,11076,15995,17289,13798,0.06378,0.10459,0.095955,0.2398625,0.2754475,0.179445,547.2,0,0,-0.242382847300588,-0.201427364071744,-0.579900705599513,-0.623969165235719,-0.47554733271662,0.0430576678550949,-0.392717428382723,-0.449580633490116,-0.263541464960304,-0.428528888458761,-0.483282961207854,-0.303159041394336,-0.0690555199782656,0.144088765404864,0.211044367625318,0.141938120760422,0.100179506137733,0.0816746606971832,0.261447750247512,0.609809733244096,0.65195125,-1.5303525
"102","T-S47_20240306",229.8,5.74,9569,10615,10829,14877,15556,13205,0.0631475,0.0977975,0.0919125,0.2091175,0.22779,0.1631375,229.8,0,0,-0.215290937898039,-0.185508835289565,-0.536132077204194,-0.565903329752954,-0.441876394811852,0.0310210321016287,-0.36270628675692,-0.399255192536569,-0.25040718952996,-0.389346576753147,-0.425012316137659,-0.279258968829641,-0.042737879299394,0.123517481296423,0.165382327925255,0.134209756212058,0.0948093493214145,0.0785854161486086,0.222506935468516,0.645696464633554,0.5716925,-1.35075
"103","T-S48_20240306",425.5,5.48,9779,10741,11014,14633,17311,14056,0.0689225,0.102885,0.0953775,0.2024075,0.2760525,0.18654,425.5,0,0,-0.197677633397844,-0.161016433353621,-0.491965503261711,-0.600420320313066,-0.460410040612614,0.0378664649139398,-0.325990648312684,-0.456981692231568,-0.289038611039129,-0.359420387192102,-0.486430821419918,-0.323365878315465,-0.15392091292898,0.0407959943179993,0.193501840172506,0.140293231238182,0.0990601538838902,0.0842086183980001,0.218339709444051,0.669898430286242,0.55746125,-1.3357075
"104","T-S49_20240306",1777,5.58,10360,11409,12044,15750,18715,15755,0.0849,0.13121,0.1137475,0.233125,0.3146625,0.2332625,1777,0,1,-0.21428901948082,-0.145219547187858,-0.466079710714567,-0.575035194744252,-0.466310454563313,0.0712878764683669,-0.279728821002649,-0.411446097258746,-0.280000548738245,-0.344153831739328,-0.468978315165379,-0.344413705656897,-0.148848778038929,-0.000294819222213196,0.148560478167632,0.173650677672879,0.122167137459302,0.105544914609847,0.268914316798171,0.647054340370398,0.6484175,-1.59418
"105","T-S50_20240306",5120,6.47,9271,10486,10617,12778,13496,11744,0.0549525,0.0919675,0.088365,0.151395,0.17114,0.12296,5120,1,2,-0.251939831200653,-0.233136218535768,-0.467379057172973,-0.513893649723012,-0.382252511768425,0.0199769869546529,-0.244193332990909,-0.300913124863411,-0.144199788300706,-0.262887887887888,-0.31897265948633,-0.163705193422453,-0.0612181623699754,0.103643090156913,0.163821829309759,0.127539775290887,0.0901482564307264,0.0710903934702151,0.157567132490239,0.597520863348466,0.42447125,-1.0400825
"106","T-S51_20240306",1678,5.11,8397,9581,8904,14753,11362,9498,0.0309175,0.04486,0.0634775,0.2057075,0.112455,0.061195,1678,0,1,-0.183992609943585,-0.3449335240214,-0.738679344955098,-0.568710875516574,-0.328701316325146,-0.171847236644744,-0.64193281251559,-0.429679305851317,-0.15402385554665,-0.528372680498542,-0.278388018131954,0.018307966873208,0.293097080894197,0.541443036314759,0.295191477109128,0.0777290975520108,0.0533629145568343,0.0372418991191373,0.145374950966878,0.689199732501114,0.53669875,-1.1258825
"107","T-S52_20240306",676.1,6.31,8583,9778,9163,14960,11374,9449,0.0360325,0.0519825,0.068895,0.2114,0.112785,0.0598475,676.1,0,0,-0.181219110378913,-0.313192442400705,-0.708748850696655,-0.515749155845247,-0.248383395911556,-0.139914376124589,-0.605269902138525,-0.3690199827029,-0.0703299651256372,-0.508410781498065,-0.241578599735799,0.0702759384041788,0.304193593164397,0.558724043539572,0.306648516357001,0.0863058591942053,0.059844250663702,0.0432788566305765,0.159505051164816,0.693165969316597,0.55449125,-1.1791225
"108","T-S53_20240306",488.2,6.82,8756,10193,9785,14329,11314,9529,0.04079,0.0690875,0.0803075,0.1940475,0.111135,0.0620475,488.2,0,0,-0.25753680234807,-0.326327958876112,-0.652610847926758,-0.463024518676979,-0.20670961468336,-0.0751029150908662,-0.474889315370437,-0.233308826589355,0.0536851336409048,-0.414572360627654,-0.161027462554031,0.128270872115486,0.271681698655722,0.515433725765829,0.283443765969425,0.105935722079476,0.0744865384230601,0.0530855830240189,0.166936545854995,0.590410711054821,0.5196625,-1.15506
"109","T-S54_20240306",3040,8.25,9158,10191,10124,13329,13524,11227,0.051845,0.07841,0.0802525,0.1665475,0.17191,0.1087425,3040,1,2,-0.203946105715712,-0.215049489960068,-0.525212633217716,-0.536591361086903,-0.35430839884798,-0.0116126999133382,-0.359807313513569,-0.373521891978268,-0.162073709942427,-0.349655591572123,-0.363485847419819,-0.150744728696526,-0.015843939047,0.209978568055505,0.225073712152929,0.112198894184613,0.0793259007197523,0.0637586578434647,0.162723771533597,0.661203928070399,0.45557375,-1.0642825
"111","T-S56_20240307",3521,4.58,9526,10921,10937,12717,14005,11517,0.061965,0.1007675,0.1003275,0.1497175,0.1851375,0.1167175,3521,1,2,-0.238443457821886,-0.236378760571191,-0.414547730681563,-0.498467235256624,-0.306423404642312,0.0021880205872846,-0.195420883486037,-0.295098022070268,-0.0733383911534127,-0.197524445599792,-0.297094214702328,-0.0755142942707732,-0.105777127413358,0.123857601291122,0.226665120670521,0.142195978538424,0.100547259317447,0.0790193529301525,0.150374106613341,0.61493040911008,0.4246775,-1.05177
"112","T-S57_20240307",1242,6.1,8791,10148,10007,13614,11868,9789,0.0417525,0.0751925,0.07907,0.174385,0.12637,0.0691975,1242,0,0,-0.285946385052803,-0.308862173850069,-0.613648718986756,-0.503308599384377,-0.247363677332132,-0.0251357264403207,-0.397441676433172,-0.253903875968992,0.0415194958099589,-0.376062811939003,-0.23023753894081,0.0665857318697621,0.159648218649732,0.431835209836503,0.292341518912907,0.109114513041346,0.0771068802053358,0.0560310169125102,0.16583336426584,0.55527479469362,0.47355875,-1.0897475
"113","T-S58_20240307",1329,7.13,8878,10263,10128,13418,12595,9946,0.044145,0.07852,0.0822325,0.168995,0.1463625,0.073515,1329,0,0,-0.28023478579872,-0.301378805562699,-0.585765224734916,-0.536553678989016,-0.249617542070372,-0.023094508639057,-0.36553340201604,-0.301679766100075,0.0329200513039759,-0.345354310336249,-0.280539819331132,0.0559720059712033,0.0717677556424058,0.393715723062966,0.331309479141795,0.113699491890905,0.0803548125503382,0.0588749980891719,0.161365486881707,0.562213448802853,0.4617475,-1.07311
