,Iteration,Model_Type,R2_Train,R2_Test,RMSE_Train,RMSE_Test,CI_Lower_Test,CI_Upper_Test
1,1,Lasso,0.461300714,0.168883024,1353.109997,1255.800934,1063.561284,1985.955762
2,1,Ridge,0.431783101,0.106855243,1389.68694,1301.819138,1111.864919,2054.171465
3,1,Log-Linear,0.490024681,-13.88924469,1316.541283,5315.278916,141.9556908,4259.02941
4,1,OLS,0.687142745,-0.332767604,1031.176527,1590.25562,700.3549719,1943.457537
5,1,Quadratic_all,0.900103906,-413.9446459,582.6854264,28059.81529,-12099.1809,10103.56472
6,1,Quadratic_correlated,0.574210891,0.133211931,1202.976593,1282.466967,830.8699112,1824.244508
7,1,Stepwise,0.666200182,-0.201452325,1065.130819,1509.881961,496.9776601,1694.341491
8,1,RandomForest,0.78696144,0.366971357,850.9205496,1095.976913,1112.361591,1902.535773
9,1,Bagging,0.770799999,0.370115796,882.6066811,1093.251505,1114.937216,1902.302613
10,1,ANN,-6.03157379,-35.63786872,4888.618785,8337.864371,-1540.025207,5051.34248
11,2,Lasso,0.407245803,0.537518713,1391.128144,1160.682148,1492.138057,2394.908882
12,2,Ridge,0.391320196,0.483862976,1409.692093,1226.164474,1462.975567,2419.058567
13,2,Log-Linear,0.642830539,-3.744932098,1079.858814,3717.758911,785.1573223,3704.594788
14,2,OLS,0.701742801,-0.459675877,986.7912408,2062.027428,807.5445572,2441.964028
15,2,Quadratic_all,0.838792161,-29.98007209,725.4757445,9499.646273,390.4842533,7697.244048
16,2,Quadratic_correlated,0.532315315,0.29588667,1235.681067,1432.146696,1295.144443,2425.483635
17,2,Stepwise,0.671821124,-0.803255244,1035.106724,2291.895565,928.7323647,2744.498217
18,2,RandomForest,0.752381323,0.73876953,899.1279902,872.324637,1565.62288,2241.290577
19,2,Bagging,0.730786237,0.730251332,937.5154795,886.4329206,1560.028802,2247.135521
20,2,ANN,-6.267670085,-18.81788349,4871.104204,7597.92247,-2611.120909,3319.513114
21,3,Lasso,0.402954054,0.534815088,1378.510254,1214.331864,1521.101628,2481.140148
22,3,Ridge,0.382969559,0.505902095,1401.391308,1251.500672,1481.20964,2472.227248
23,3,Log-Linear,0.483543481,-11.35765423,1282.103265,6258.822,1519.523748,6231.182561
24,3,OLS,0.654641053,0.136517102,1048.434927,1654.441635,2010.966531,3198.323571
25,3,Quadratic_all,0.854286441,-24.81833202,681.0141048,9046.668394,764.5779379,7699.34068
26,3,Quadratic_correlated,0.537600653,0.513163766,1213.150637,1242.270087,1789.879767,2732.713894
27,3,Stepwise,0.638111915,0.165276745,1073.231143,1626.656441,1957.32533,3140.521157
28,3,RandomForest,0.771160716,0.593681638,853.4368968,1134.900546,1758.323027,2628.032543
29,3,Bagging,0.755062281,0.597091773,882.9456254,1130.128034,1737.245607,2607.327786
30,3,ANN,-6.627713915,-23.36452114,4927.235525,8788.272624,-2276.23003,4674.032297
31,4,Lasso,0.461739414,0.403299322,1136.977016,1883.469425,1258.105204,2747.00524
32,4,Ridge,0.398481374,0.334609581,1201.932103,1988.925795,1124.653869,2689.549668
33,4,Log-Linear,0.591144578,-21.36247646,990.9238382,11530.29071,1314.489043,10028.52163
34,4,OLS,0.716189785,0.27373145,825.5994721,2077.920501,1934.721383,3521.128908
35,4,Quadratic_all,0.929720702,-6.579030124,410.8365792,6712.543692,-165.0455043,5154.044112
36,4,Quadratic_correlated,0.599251682,0.248461472,981.0502433,2113.761259,1459.047255,3132.729392
37,4,Stepwise,0.692111501,0.358050899,859.9082757,1953.577328,1936.251209,3430.145636
38,4,RandomForest,0.783929503,0.438517502,720.3658748,1827.041535,1109.456063,2533.498312
39,4,Bagging,0.761089594,0.412042458,757.4830668,1869.619769,1090.010829,2548.063927
40,4,ANN,-7.33370061,-4.360045532,4473.777105,5645.007826,-1741.497109,2508.945079
41,5,Lasso,0.423992479,0.492499377,1256.621084,1526.996841,1496.250877,2705.364755
42,5,Ridge,0.354061683,0.446717603,1330.717258,1594.385277,1387.140941,2643.930907
43,5,Log-Linear,0.221783567,-2.305218987,1460.630833,3896.906343,1395.634091,4434.34321
44,5,OLS,0.68841531,0.252526773,924.2262945,1853.180277,1191.720819,2645.379807
45,5,Quadratic_all,0.807576917,-10.84112965,726.3046914,7375.923724,-346.3210853,5497.847685
46,5,Quadratic_correlated,0.57420063,-0.128385386,1080.420391,2276.924212,1486.255252,3286.425521
47,5,Stepwise,0.674254292,0.280041697,944.9952301,1818.752155,1078.882021,2483.766014
48,5,RandomForest,0.737059178,0.648644732,849.0226437,1270.55387,1560.32791,2562.663249
49,5,Bagging,0.719420211,0.615354424,877.0380937,1329.383303,1507.302515,2553.768841
50,5,ANN,-7.856354338,-7.471839591,4927.399299,6238.909857,-202.5997667,4746.865153
51,6,Lasso,0.463785779,0.276916233,1362.003326,1210.724302,1589.842236,2402.40679
52,6,Ridge,0.424806119,0.259341025,1410.6398,1225.349841,1546.813935,2386.993977
53,6,Log-Linear,0.475592466,-54.28239725,1346.92516,10586.30464,459.898602,8485.287233
54,6,OLS,0.699080177,-1.168601765,1020.315309,2096.722025,1803.45325,3195.036885
55,6,Quadratic_all,0.861698762,-3.870268071,691.706789,3142.153426,2079.258517,4143.824572
56,6,Quadratic_correlated,0.582636946,0.187748347,1201.616836,1283.205628,1518.299817,2411.961866
57,6,Stepwise,0.673781832,-0.343485008,1062.338881,1650.316972,1839.53368,2876.50625
58,6,RandomForest,0.803247051,0.246854893,825.0297889,1235.635233,1532.654635,2385.751582
59,6,Bagging,0.785882036,0.302265491,860.6678035,1189.312697,1526.681136,2347.481729
60,6,ANN,-5.627252085,-18.84922037,4788.238225,6343.40851,-2054.999183,2925.058493
61,7,Lasso,0.46300195,0.320059361,1349.272681,1279.871893,899.8173096,1908.899822
62,7,Ridge,0.433363556,0.360659266,1386.007641,1241.072607,913.468034,1891.389757
63,7,Log-Linear,0.475212629,-1127.618239,1333.844063,52144.02297,-7267.137827,33106.97021
64,7,OLS,0.690222394,-1.284936069,1024.798267,2346.216198,50.87933974,1851.233619
65,7,Quadratic_all,0.823363955,-31.55791841,773.8433213,8856.442705,-2915.216397,4069.016451
66,7,Quadratic_correlated,0.576749487,-0.555601302,1197.876705,1935.887658,878.1115094,2412.042404
67,7,Stepwise,0.67046171,-0.841159683,1056.978892,2106.089051,141.6221241,1742.040381
68,7,RandomForest,0.776144675,0.67284264,871.1583175,887.7881618,1190.557048,1894.902015
69,7,Bagging,0.759163654,0.654859214,903.596183,911.8620555,1194.387835,1917.806933
70,7,ANN,-5.773913652,-43.06878102,4792.180866,10303.77866,-6928.82507,273.1227707
71,8,Lasso,0.374904448,0.636543787,1408.386769,1089.301363,1392.175465,2252.911865
72,8,Ridge,0.350710409,0.589941682,1435.383509,1157.03051,1374.316616,2288.373739
73,8,Log-Linear,0.463709105,-9.346501126,1304.514601,5811.908292,1784.511891,6054.179401
74,8,OLS,0.633944454,-0.441340256,1077.760414,2169.228274,1891.754806,3441.969094
75,8,Quadratic_all,0.824908552,-6.766942552,745.3859443,5035.55153,-1019.716368,2928.363562
76,8,Quadratic_correlated,0.527644057,0.399612528,1224.287524,1400.031505,1617.020689,2676.144984
77,8,Stepwise,0.604416084,0.097860691,1120.386958,1716.164055,1880.523048,3099.256831
78,8,RandomForest,0.762079033,0.700398185,868.8905831,988.9952786,1569.378955,2333.159118
79,8,Bagging,0.7452409,0.672197227,899.1115675,1034.494795,1496.019356,2304.837818
80,8,ANN,-6.093370391,-10.92481383,4744.331767,6239.471452,-1077.799669,3865.512074
81,9,Lasso,0.449007366,0.343532717,1343.312241,1369.795399,1071.848319,2157.881756
82,9,Ridge,0.43639224,0.295622436,1358.602965,1418.900419,1103.09157,2226.015905
83,9,Log-Linear,0.451146196,0.036535311,1340.702487,1659.461042,373.5469871,1609.112124
84,9,OLS,0.717147681,0.233029707,962.4627895,1480.60234,587.125894,1715.098319
85,9,Quadratic_all,0.915901654,-31.86046543,524.8048051,9691.388758,-172.1931283,7347.365294
86,9,Quadratic_correlated,0.615750185,0.197001263,1121.788308,1514.978924,844.9453873,2043.094958
87,9,Stepwise,0.682639649,0.056024144,1019.483989,1642.591621,466.0662547,1713.683874
88,9,RandomForest,0.801810295,0.32918876,805.6466787,1384.6797,935.8962512,2032.629395
89,9,Bagging,0.784861658,0.322853856,839.3884412,1391.202549,943.4103247,2045.769878
90,9,ANN,-5.932145293,-9.949672944,4764.725704,5594.351287,-1969.691718,2330.806948
91,10,Lasso,0.483568543,0.260332508,1250.292381,1629.83428,1215.349588,2491.514804
92,10,Ridge,0.464319724,0.248889195,1273.380129,1642.393384,1187.384422,2470.333152
93,10,Log-Linear,0.380382762,-4901.806923,1369.515608,132692.8669,-12949.35797,88458.52241
94,10,OLS,0.720206032,-0.553450953,920.2893883,2361.967703,1328.709006,3198.982488
95,10,Quadratic_all,0.940791968,-39.377276,423.3460896,12041.86323,3106.612759,11691.8496
96,10,Quadratic_correlated,0.605915493,-0.048023058,1092.194339,1940.039627,1401.627756,2940.204713
97,10,Stepwise,0.686805484,-0.513894499,973.6711799,2331.70169,1188.082126,3038.007213
98,10,RandomForest,0.807600509,0.372197713,763.1452396,1501.539041,1284.827113,2460.337507
99,10,Bagging,0.799136822,0.353464785,779.7500396,1523.776509,1273.162663,2466.172354
100,10,ANN,-6.97120532,-13.22410894,4912.100441,7147.229323,-697.7208618,4972.726605
101,11,Lasso,0.532156839,0.111126833,1246.629662,1547.683468,1413.011905,2614.332628
102,11,Ridge,0.479817494,0.130883521,1314.513906,1530.386895,1403.047256,2592.932885
103,11,Log-Linear,0.318125448,-1.633633474,1505.010586,2664.034915,383.2563454,2486.890641
104,11,OLS,0.779456217,-3.245034298,855.9230528,3382.227741,-429.9102598,2173.067012
105,11,Quadratic_all,0.943053927,-311.7998818,434.9298371,29033.24211,-15199.56205,7403.654463
106,11,Quadratic_correlated,0.657654374,-0.426753788,1066.398941,1960.815642,1223.558939,2761.04886
107,11,Stepwise,0.773462056,-2.277277098,867.4766438,2971.794859,-50.70811067,2260.353607
108,11,RandomForest,0.825001319,-0.066529546,762.4382951,1695.308311,1585.417862,2862.83099
109,11,Bagging,0.810239524,-0.058113129,793.9445915,1688.605879,1576.862218,2851.287251
110,11,ANN,-6.183273433,-27.18239809,4884.81941,8714.675457,-4273.647553,2306.070742
111,12,Lasso,0.410978116,0.425208171,1329.643071,1474.493465,1180.12399,2330.848921
112,12,Ridge,0.389641086,0.389183718,1353.511672,1519.997458,1134.026256,2316.967956
113,12,Log-Linear,0.535915101,-71.68832957,1180.233882,16581.35065,795.8679282,13328.44387
114,12,OLS,0.686487569,-0.190010097,970.0558574,2121.59695,1510.796289,3174.558849
115,12,Quadratic_all,0.830926961,-20.97027845,712.3715037,9116.02148,-3030.162631,4105.964938
116,12,Quadratic_correlated,0.533346656,0.525639553,1183.495336,1339.497151,1185.330897,2217.377399
117,12,Stepwise,0.657312949,0.40915559,1014.18739,1494.941248,1439.477396,2625.499126
118,12,RandomForest,0.792535918,0.370971186,789.1159454,1542.491676,1079.350972,2272.097023
119,12,Bagging,0.772117014,0.365564954,827.037705,1549.10602,1066.979581,2263.144252
120,12,ANN,-6.318295842,-10.38920693,4686.777543,6563.482038,-2352.541236,2636.913746
121,13,Lasso,0.460636204,-1.78341498,1422.063688,916.3094599,1086.465733,1703.565291
122,13,Ridge,0.432885036,-2.356963651,1458.188619,1006.297768,1211.185062,1842.396435
123,13,Log-Linear,0.329516598,-918931.8489,1585.521614,526496.0028,-78951.90431,327163.6076
124,13,OLS,0.697229054,-16.73255334,1065.455339,2312.803988,655.7518408,2421.721105
125,13,Quadratic_all,0.858563862,-1140.7295,728.2128632,18558.15516,-3842.475632,10742.70149
126,13,Quadratic_correlated,0.563562528,-3.120167374,1279.202109,1114.835063,972.4562444,1776.710806
127,13,Stepwise,0.651805158,-4.968532136,1142.587102,1341.797438,402.6888384,1467.070883
128,13,RandomForest,0.8149004,-5.035660712,833.0688417,1349.321994,1249.170285,2124.757552
129,13,Bagging,0.789532577,-4.010794909,888.3223571,1229.437636,1212.87214,2013.368138
130,13,ANN,-5.2132377,-329.0317581,4826.553621,9977.714123,-2704.267365,5207.236316
131,14,Lasso,0.443717872,0.420669292,1290.647965,1471.526609,1038.133888,2133.038218
132,14,Ridge,0.393658219,0.354450595,1347.469658,1553.350951,1016.699853,2184.6803
133,14,Log-Linear,0.372195812,-2.044194075,1371.110167,3373.191624,753.0124341,3429.233864
134,14,OLS,0.68533892,0.282370556,970.6926951,1637.777761,877.1482045,2080.658822
135,14,Quadratic_all,0.915001676,-6.806023344,504.5049454,5401.567007,-1247.593821,2919.621288
136,14,Quadratic_correlated,0.563922158,0.397792065,1142.726389,1500.299905,863.7431227,1913.250711
137,14,Stepwise,0.673937318,0.294556581,988.1225163,1623.812717,868.4318386,2054.127016
138,14,RandomForest,0.778748618,0.520564242,813.9603369,1338.65929,1073.802162,2047.05143
139,14,Bagging,0.767400336,0.493442772,834.5738813,1376.002122,1054.434581,2058.617019
140,14,ANN,-6.447277432,-21.63354215,4722.359151,9197.739565,-1322.961313,5972.099154
141,15,Lasso,0.460562231,0.280915492,1385.427608,1131.63084,1338.304257,2235.290057
142,15,Ridge,0.433136984,0.198421273,1420.208881,1194.779879,1312.576422,2259.727936
143,15,Log-Linear,-0.227156055,-90.22547664,2089.599521,12745.96962,-1218.472589,8764.253586
144,15,OLS,0.694840615,-2.117130914,1042.021136,2356.092461,695.8743345,2563.162303
145,15,Quadratic_all,0.875242654,-73.3031839,666.2638131,11503.19602,-3738.07686,5358.591847
146,15,Quadratic_correlated,0.582064001,-0.729794255,1219.461386,1755.14109,1085.51347,2477.583594
147,15,Stepwise,0.678410419,-2.691802297,1069.705301,2564.094495,593.1019588,2624.818706
148,15,RandomForest,0.803521878,0.281062895,836.1231758,1131.514849,1267.90474,2165.464227
149,15,Bagging,0.783451683,0.304723456,877.7898799,1112.739737,1274.69481,2157.345394
150,15,ANN,-5.354133598,-16.89309546,4754.899407,5644.916834,-966.6266758,3496.161308
151,16,Lasso,0.475725176,0.287383969,1301.525131,1437.389843,1469.08456,2609.381037
152,16,Ridge,0.450839737,0.321747578,1332.056387,1402.304909,1399.259411,2510.617773
153,16,Log-Linear,0.531936959,-29830.41111,1229.773787,294092.3152,-43257.85867,183707.7692
154,16,OLS,0.694853605,-2.066360869,992.9495399,2981.661995,1608.983423,3901.549797
155,16,Quadratic_all,0.88516298,-36.00291807,609.1356451,10357.73427,976.4362189,8865.232556
156,16,Quadratic_correlated,0.595340186,-1.085580453,1143.452413,2459.009755,2045.333757,3851.854863
157,16,Stepwise,0.655461298,-1.034814414,1055.096212,2428.897458,1709.013196,3572.124266
158,16,RandomForest,0.785686891,0.538351403,832.1419676,1156.917892,1659.013452,2573.709143
159,16,Bagging,0.771490924,0.545435722,859.2603736,1148.006718,1670.07461,2577.17249
160,16,ANN,-6.73698477,-32.26721127,4999.872478,9820.983374,-5155.197561,2112.313106
161,17,Lasso,0.352203355,0.469142692,1297.948861,1631.242417,1137.522522,2359.931719
162,17,Ridge,0.334071983,0.434106121,1315.987845,1684.213344,1081.179375,2337.010758
163,17,Log-Linear,0.393382411,-97.55484788,1256.017626,22226.37317,-2151.384828,15161.72182
164,17,OLS,0.655768291,0.22417189,946.1580107,1972.02475,1031.515427,2545.828428
165,17,Quadratic_all,0.839753243,-10.0579629,645.5544203,7445.042306,566.6382275,6396.530434
166,17,Quadratic_correlated,0.515470566,0.016889925,1122.530931,2219.886036,1342.751424,3103.291153
167,17,Stepwise,0.653371552,0.165438054,949.4461462,2045.308837,1044.949624,2628.280202
168,17,RandomForest,0.738954769,0.662005297,823.9410033,1301.621018,1397.911169,2382.020189
169,17,Bagging,0.714499713,0.641066919,861.671064,1341.332196,1372.940516,2387.671297
170,17,ANN,-8.598328042,-6.041795321,4996.156443,5941.160768,-2970.198173,953.1072311
171,18,Lasso,0.423153553,0.494450043,1346.036151,1308.742411,1293.73238,2330.197919
172,18,Ridge,0.390768726,0.413991163,1383.304238,1409.042913,1255.68587,2371.781771
173,18,Log-Linear,0.369562324,-184.3883772,1407.173645,25061.86515,-2052.049102,17276.77105
174,18,OLS,0.650947764,-0.03513385,1047.060618,1872.70941,1784.011058,3150.931672
175,18,Quadratic_all,0.870544241,-40.8240782,637.6572483,11903.79191,-533.6151177,8722.975386
176,18,Quadratic_correlated,0.524642872,0.572431366,1221.902683,1203.580261,1430.901612,2376.224663
177,18,Stepwise,0.647538199,0.005644912,1052.162069,1835.451392,1761.207813,3107.153025
178,18,RandomForest,0.803021857,0.438775565,786.5668382,1378.924294,1381.83485,2465.404377
179,18,Bagging,0.78493905,0.463737481,821.8780701,1347.909889,1317.737003,2383.115101
180,18,ANN,-6.588365613,-16.35278126,4882.033292,7667.55118,-3230.126228,2635.946378
181,19,Lasso,0.5018043,0.140250461,1276.371392,1571.37884,517.6019107,1716.506145
182,19,Ridge,0.480264965,0.135760209,1303.671199,1575.476951,559.5121892,1772.132956
183,19,Log-Linear,0.509556836,-0.210060484,1266.401502,1864.225586,392.8970979,1830.900485
184,19,OLS,0.716420863,0.120584322,962.9732261,1589.249293,399.4456555,1579.966088
185,19,Quadratic_all,0.946745801,-6.657806842,417.3053989,4689.72232,630.1001376,4280.534679
186,19,Quadratic_correlated,0.570170113,0.349881888,1185.565025,1366.441545,866.5566615,1944.767922
187,19,Stepwise,0.690444653,0.108264118,1006.111769,1600.342895,570.6967834,1808.092393
188,19,RandomForest,0.823839256,0.296846546,758.982289,1421.084761,709.1963825,1813.482142
189,19,Bagging,0.806626048,0.28499082,795.1994308,1433.014992,692.61916,1804.444176
190,19,ANN,-6.407743586,-17.95006743,4921.755607,7377.348586,-3787.179794,1691.579364
191,20,Lasso,0.410837363,0.526122022,1298.107179,1445.900883,1181.294306,2322.37784
192,20,Ridge,0.349792674,0.461590106,1363.700131,1541.209848,1110.150373,2324.253354
193,20,Log-Linear,0.411841557,-77.201749,1297.000432,18574.34435,-943.8922921,13388.1765
194,20,OLS,0.644573362,-0.2393,1008.249324,2338.263683,1459.873359,3277.418323
195,20,Quadratic_all,0.876600331,-10.08059929,594.086864,6991.765992,-1675.426634,3833.29103
196,20,Quadratic_correlated,0.503302479,0.545893054,1191.89761,1415.416755,1226.204913,2345.489454
197,20,Stepwise,0.607808919,0.414856173,1059.111806,1606.706585,1239.926656,2514.524542
198,20,RandomForest,0.788846376,0.555476128,777.1274021,1400.402263,1361.163295,2472.13979
199,20,Bagging,0.759445208,0.561673534,829.4686169,1390.606024,1328.684006,2431.848877
200,20,ANN,-7.414509854,-37.21574112,4905.772051,12984.53504,-904.9064745,9238.613337
201,21,Lasso,0.455916987,0.378410513,1232.423124,1680.218066,909.9862699,2174.606399
202,21,Ridge,0.409918848,0.332934958,1283.46233,1740.595717,899.8150762,2219.123602
203,21,Log-Linear,0.408607824,0.069345814,1284.887317,2055.928407,641.8111089,2186.763688
204,21,OLS,0.670966332,0.087906622,958.4013677,2035.323613,1081.00515,2688.828675
205,21,Quadratic_all,0.825755458,-2.360708751,697.4399929,3906.872679,-520.5454668,2451.80473
206,21,Quadratic_correlated,0.504637042,0.49606366,1175.950441,1512.870166,1081.136054,2235.256996
207,21,Stepwise,0.648445711,0.218386234,990.6573265,1884.1259,1184.287828,2674.731644
208,21,RandomForest,0.748551353,0.614887702,837.8222831,1322.536034,1083.031919,2052.484603
209,21,Bagging,0.732599413,0.606283003,863.9894375,1337.229355,1121.859491,2120.141369
210,21,ANN,-7.780208866,-29.79247996,4950.848978,11825.95313,-5495.227119,3573.050229
211,22,Lasso,0.404721491,0.246855664,1441.219662,1070.482965,1265.343904,1975.414391
212,22,Ridge,0.39345553,0.237621936,1454.793661,1077.025162,1262.555501,1978.698199
213,22,Log-Linear,0.528699981,-2.381675278,1282.38611,2268.331922,535.9201137,2308.866457
214,22,OLS,0.677462493,-0.708044888,1060.865165,1612.093747,737.9033993,1989.703129
215,22,Quadratic_all,0.824788568,-4.689495749,781.9001495,2942.236251,535.2023286,2813.404821
216,22,Quadratic_correlated,0.547942473,0.168162776,1255.934322,1125.018927,927.0701532,1782.381336
217,22,Stepwise,0.659364253,-0.261248234,1090.222617,1385.290765,726.8167622,1809.911098
218,22,RandomForest,0.774803882,0.514610462,886.4424106,859.3812207,1020.958102,1657.971292
219,22,Bagging,0.753666843,0.528889994,927.1105276,846.6459157,1037.284425,1660.513803
220,22,ANN,-5.351460345,-25.15074559,4707.679324,6307.869375,-3572.239241,1096.763257
221,23,Lasso,0.495711368,0.288033253,1310.561661,1297.980171,1385.993255,2393.194493
222,23,Ridge,0.439502529,0.271312608,1381.67118,1313.133347,1338.995692,2364.354969
223,23,Log-Linear,0.491407721,0.08901892,1316.14201,1468.225902,711.2936437,1844.216577
224,23,OLS,0.711548142,0.086322741,991.1845887,1470.397009,1098.800114,2264.334976
225,23,Quadratic_all,0.888069816,-3.596992997,617.4353325,3298.185848,1013.556484,3574.884622
226,23,Quadratic_correlated,0.60203748,0.118035424,1164.230457,1444.653765,1408.635475,2521.468131
227,23,Stepwise,0.696640972,0.151712156,1016.474134,1416.804164,1155.408763,2276.840747
228,23,RandomForest,0.834641707,0.106706452,750.4657211,1453.90256,1139.298116,2290.300354
229,23,Bagging,0.816874393,0.144241064,789.7550439,1423.029569,1136.715149,2263.884599
230,23,ANN,-6.073935382,-36.81459747,4908.495694,9459.494821,-1882.380123,5619.986133
231,24,Lasso,0.464713985,0.297946483,1323.284332,1421.278739,884.0106504,1977.243338
232,24,Ridge,0.439220191,0.285555779,1354.429505,1433.76612,908.1412765,2017.690941
233,24,Log-Linear,0.43412579,0.388060493,1360.56775,1326.93117,1061.937282,2103.103329
234,24,OLS,0.623223006,0.661640489,1110.203036,986.6959473,1662.026204,2417.050639
235,24,Quadratic_all,0.863703008,-24.67810682,667.7337957,8595.589179,-3867.46478,2688.078088
236,24,Quadratic_correlated,0.538046424,0.43034849,1229.304265,1280.261767,1016.624763,2010.283822
237,24,Stepwise,0.593926514,0.605569561,1152.557335,1065.318236,1488.69366,2327.652451
238,24,RandomForest,0.778019093,0.637737208,852.1538938,1020.953624,1242.763168,2045.687671
239,24,Bagging,0.756331502,0.63358007,892.8117872,1026.794878,1211.241257,2015.203153
240,24,ANN,-6.331161206,-11.52434302,4897.186083,6003.045383,-1021.306558,3729.450454
241,25,Lasso,0.444599154,0.137280359,1249.735025,1985.293475,618.1749901,2125.917643
242,25,Ridge,0.514809566,0.122178421,1168.075158,2002.594407,555.4926011,2061.564124
243,25,Log-Linear,0.612644636,-0.073115126,1043.685044,2214.180547,244.1255834,1849.257385
244,25,OLS,0.755248761,-0.38928709,829.616006,2519.334724,85.33224476,1942.113651
245,25,Quadratic_all,0.923919502,-20.06466291,462.5421839,9809.957579,-1075.459894,6677.961391
246,25,Quadratic_correlated,0.628108818,0.277821731,1022.639617,1816.402456,610.5992746,1951.550112
247,25,Stepwise,0.736181866,-0.008801134,861.3248855,2146.805273,99.41097226,1552.205826
248,25,RandomForest,0.85154546,0.167382825,646.1173673,1950.350002,581.0020801,2044.425141
249,25,Bagging,0.831243369,0.171338735,688.8824116,1945.711258,583.2516884,2042.878874
250,25,ANN,-6.524364227,-3.653896567,4599.912578,4611.03306,-1376.132643,2052.451275
251,26,Lasso,0.45135546,0.477418389,1307.16807,1347.690727,1089.681957,2149.23384
252,26,Ridge,0.384709201,0.439720723,1384.286904,1395.453786,1124.860992,2227.595782
253,26,Log-Linear,0.527941446,-7.67096663,1212.50583,5489.678815,1371.221008,5525.718426
254,26,OLS,0.673189607,-0.085834156,1008.866798,1942.651634,1316.51503,2841.824411
255,26,Quadratic_all,0.820791474,-2.855849151,747.0767729,3660.776341,350.1317465,3254.520072
256,26,Quadratic_correlated,0.568304333,0.28659355,1159.510658,1574.641504,784.95653,1990.593413
257,26,Stepwise,0.653310745,0.153688184,1039.097,1715.056298,1237.046825,2594.652205
258,26,RandomForest,0.760861982,0.664770431,862.9988417,1079.404782,1220.87792,2068.288151
259,26,Bagging,0.737775367,0.656976314,903.6965883,1091.88081,1242.648916,2102.993159
260,26,ANN,-6.173506028,-6.381121277,4726.630289,5064.940514,353.0635507,4347.726098
261,27,Lasso,0.46275445,0.354150519,1305.803171,1450.989399,896.0846116,2041.108157
262,27,Ridge,0.434733629,0.324150924,1339.423395,1484.306005,909.0854179,2082.677122
263,27,Log-Linear,0.444804701,-325.3401841,1327.437846,32616.23739,-4301.733416,21016.97451
264,27,OLS,0.662920332,0.094352122,1034.32634,1718.218019,755.5051786,2110.745598
265,27,Quadratic_all,0.81932115,-6.625228422,757.2599091,4985.687012,-663.441612,3284.551047
266,27,Quadratic_correlated,0.532069648,0.570175221,1218.658196,1183.707247,1043.916466,1979.203486
267,27,Stepwise,0.652696583,0.212583365,1049.894918,1602.141518,816.4508388,2080.371964
268,27,RandomForest,0.785445512,0.574778734,825.2016876,1177.351307,1140.819533,2074.868608
269,27,Bagging,0.7653866,0.567727849,862.9143909,1187.072409,1091.504671,2032.23093
270,27,ANN,-6.541928446,-13.42216919,4892.518871,6856.679901,-3549.773878,1463.600386
271,28,Lasso,0.454608015,0.324849789,1343.362119,1312.973688,1432.747403,2357.571995
272,28,Ridge,0.412996168,0.319866248,1393.667557,1317.810557,1382.015295,2327.087674
273,28,Log-Linear,0.455316888,-277.0391273,1342.488817,26644.57377,-402.2797642,19673.52942
274,28,OLS,0.639149326,0.026865929,1092.703873,1576.311913,1443.121626,2559.53197
275,28,Quadratic_all,0.861280964,-120.9182729,677.4960284,17643.72255,-10893.97698,2396.321424
276,28,Quadratic_correlated,0.556977604,0.221130457,1210.741873,1410.224254,1447.34155,2439.268099
277,28,Stepwise,0.600461868,-0.138183446,1149.788178,1704.754915,1082.576343,2388.306789
278,28,RandomForest,0.755420876,0.669725731,899.5978619,918.3181945,1347.649546,2008.342754
279,28,Bagging,0.734949104,0.633043848,936.490466,967.972246,1302.356186,2013.059018
280,28,ANN,-5.694933022,-10.85693411,4706.649307,5502.271576,-2663.004069,1431.984834
281,29,Lasso,0.497706539,0.188245789,1285.059573,1512.43043,1043.367323,2239.419331
282,29,Ridge,0.464292562,0.170095218,1327.114326,1529.24569,984.3452443,2189.558537
283,29,Log-Linear,0.544803502,-2891.601995,1223.330927,90283.30989,-12986.26792,56833.98435
284,29,OLS,0.670930357,-0.370053565,1040.131883,1964.861329,854.6871578,2410.126344
285,29,Quadratic_all,0.846915551,-11.19174111,709.4307958,5861.327628,-3102.397056,970.3761456
286,29,Quadratic_correlated,0.573026599,-0.089106524,1184.79963,1751.855624,1138.615853,2527.391839
287,29,Stepwise,0.645340707,0.173374466,1079.817027,1526.221404,1150.358046,2361.219142
288,29,RandomForest,0.807850036,0.285578001,794.812434,1418.863254,822.2679961,1902.136175
289,29,Bagging,0.786082123,0.314782482,838.6254516,1389.560181,873.3025666,1938.768731
290,29,ANN,-5.527774045,-12.6673976,4632.624033,6205.918191,-1883.065237,2942.388281
291,30,Lasso,0.49907332,0.033633092,1324.525769,1382.095689,882.2459708,1974.954119
292,30,Ridge,0.460326092,0.113675743,1374.798472,1323.620258,952.4385688,2001.225792
293,30,Log-Linear,0.507375136,0.24978035,1313.504286,1217.75888,812.5602055,1756.548823
294,30,OLS,0.675785158,-0.650501305,1065.589116,1806.238203,321.9155324,1689.919483
295,30,Quadratic_all,0.854145097,-13.90441742,714.7165628,5427.809417,-3256.234283,328.455128
296,30,Quadratic_correlated,0.573612171,-0.062926247,1222.012729,1449.501447,1036.823811,2185.588148
297,30,Stepwise,0.664414516,-0.237449751,1084.113902,1563.978843,578.9824492,1786.260692
298,30,RandomForest,0.792680931,0.520975327,852.1046879,973.0743596,1000.994376,1762.203663
299,30,Bagging,0.771280291,0.519483664,895.0043074,974.5882383,1009.96573,1773.720994
300,30,ANN,-5.499200629,-45.42274414,4770.932828,9579.271714,-3830.122762,3659.140001
301,31,Lasso,0.378994759,0.45207925,1363.122287,1471.025218,1048.720904,2208.745568
302,31,Ridge,0.368981799,0.448227168,1374.067694,1476.187083,1058.5574,2223.744668
303,31,Log-Linear,0.548365596,0.180777212,1162.467166,1798.714586,339.7072328,1612.140963
304,31,OLS,0.678981174,0.21010093,980.0594865,1766.229139,444.8112265,1730.445134
305,31,Quadratic_all,0.814547341,-18.97288222,744.9098529,8881.403769,-3959.704878,2834.907407
306,31,Quadratic_correlated,0.530734729,0.499722723,1184.94009,1405.615808,760.9924173,1800.303049
307,31,Stepwise,0.664755939,0.239842462,1001.538693,1732.658795,484.4256895,1751.355994
308,31,RandomForest,0.773033449,0.596081961,824.07761,1263.01314,982.0087441,1950.52608
309,31,Bagging,0.75351657,0.615652238,858.7782772,1232.036069,1031.837006,1983.222644
310,31,ANN,-7.116233064,-14.71974906,4927.928985,7879.23491,-10.13657549,6157.60321
311,32,Lasso,0.377815587,0.343381028,1350.51437,1590.604386,1128.879562,2333.825409
312,32,Ridge,0.390418052,0.350805659,1336.766937,1581.586047,1131.624349,2328.789635
313,32,Log-Linear,0.146643101,-0.722761817,1581.63038,2576.428419,642.4849394,2636.938245
314,32,OLS,0.734225262,-0.322321609,882.6661982,2257.220625,273.0165449,1807.475096
315,32,Quadratic_all,0.92827031,-65.06835626,458.5525618,15955.19856,-9091.160496,2840.326974
316,32,Quadratic_correlated,0.57047102,0.167871697,1122.11116,1790.608366,930.3343105,2267.372262
317,32,Stepwise,0.727989656,-0.341889632,892.9607216,2273.860728,224.3585578,1747.774814
318,32,RandomForest,0.797423843,0.410345723,770.608528,1507.315582,1250.259895,2408.617688
319,32,Bagging,0.783118111,0.442190646,797.3542064,1466.04857,1256.736968,2378.771595
320,32,ANN,-7.148393168,-19.31654485,4887.374678,8847.699985,-1388.411598,5630.874063
321,33,Lasso,0.446066423,0.394145362,1385.34314,1132.1037,1280.747638,2165.414253
322,33,Ridge,0.42473133,0.382932654,1411.769756,1142.531739,1299.469479,2189.421514
323,33,Log-Linear,0.243265071,-51.50135696,1619.199657,10538.70518,-183.2774979,7964.95139
324,33,OLS,0.69578552,-0.527571758,1026.640645,1797.640324,1281.789608,2663.55288
325,33,Quadratic_all,0.865190353,-93.39279878,683.4220684,14130.95205,-3917.71765,7292.784698
326,33,Quadratic_correlated,0.569061785,-0.130870186,1221.900991,1546.70813,1298.053734,2490.186617
327,33,Stepwise,0.681816038,-0.558567177,1049.947673,1815.786379,1329.711151,2715.684818
328,33,RandomForest,0.768438285,0.602854926,895.6985927,916.5930943,1505.620093,2187.335045
329,33,Bagging,0.75880927,0.63734616,914.1318042,875.8871028,1478.369416,2136.765523
330,33,ANN,-5.529412866,-12.01723277,4756.259902,5247.607288,-2089.154485,1865.91552
331,34,Lasso,0.464876839,-0.14138257,1396.731467,1198.031984,952.2146269,1896.845223
332,34,Ridge,0.469335602,-0.257957213,1390.900359,1257.725103,913.0289205,1906.474561
333,34,Log-Linear,-0.565094346,-322.0494379,2388.670822,20155.20823,-2392.707794,13256.98766
334,34,OLS,0.723537161,-1.561053749,1003.932295,1794.57718,622.0944838,2045.484527
335,34,Quadratic_all,0.878885616,-77.45172206,664.4830487,9932.396196,-1616.884902,6222.34952
336,34,Quadratic_correlated,0.633869261,-1.064124634,1155.324916,1611.093527,736.6373912,2013.140494
337,34,Stepwise,0.711212285,-1.830885886,1026.066244,1886.748337,637.1344311,2132.223164
338,34,RandomForest,0.814816641,-0.16786572,821.6503066,1211.851068,889.2911107,1848.787677
339,34,Bagging,0.795579756,-0.079708366,863.272675,1165.214895,909.6096774,1831.934755
340,34,ANN,-4.992882074,-30.85559421,4674.163603,6329.153806,-3154.086054,1590.196436
341,35,Lasso,0.359525036,0.564605101,1375.53592,1314.416739,1300.268961,2330.814615
342,35,Ridge,0.341807119,0.547256037,1394.432342,1340.348544,1240.294759,2284.373308
343,35,Log-Linear,0.413760937,-16.89999426,1316.007104,8427.870601,533.6355872,7068.558585
344,35,OLS,0.60480511,0.388978944,1080.504343,1557.110744,1738.897557,2946.87258
345,35,Quadratic_all,0.814229804,-9.179606839,740.8134794,6355.605256,850.5903202,5786.122672
346,35,Quadratic_correlated,0.52877116,0.254398327,1179.877143,1720.064965,1525.211436,2881.807089
347,35,Stepwise,0.565557959,0.398003887,1132.887485,1545.568495,1562.761676,2782.721763
348,35,RandomForest,0.735818423,0.821567676,883.4299541,841.4497364,1676.388106,2343.957749
349,35,Bagging,0.711410257,0.801427982,923.3392613,887.6677419,1624.655862,2328.188086
350,35,ANN,-6.569627699,-11.53990434,4728.878074,7054.049857,133.8188196,5685.352045
351,36,Lasso,0.363687705,0.621504653,1364.667473,1253.091266,1303.559478,2293.650463
352,36,Ridge,0.324008306,0.570194671,1406.573278,1335.329146,1267.248039,2322.583835
353,36,Log-Linear,0.417690855,-679.5073098,1305.474785,53133.54932,-6698.598018,34380.42088
354,36,OLS,0.619778893,0.2817635,1054.896359,1726.180341,1226.903202,2596.421056
355,36,Quadratic_all,0.841519385,-95.37906317,681.05119,19996.03005,-10114.14538,5383.053163
356,36,Quadratic_correlated,0.473623339,0.510867288,1241.194935,1424.510925,1309.874748,2439.665565
357,36,Stepwise,0.589451103,0.562655413,1096.160447,1346.989803,1125.201743,2173.333013
358,36,RandomForest,0.740434723,0.701625689,871.5955009,1112.584858,1415.806575,2297.410561
359,36,Bagging,0.718250622,0.702015122,908.078024,1111.858558,1348.530877,2225.03557
360,36,ANN,-7.145433851,-5.98739232,4882.573539,5384.061283,-2192.001801,1725.918109
361,37,Lasso,0.410526007,0.552329371,1418.272106,990.5038431,1569.778272,2216.425897
362,37,Ridge,0.377781931,0.505671485,1457.130827,1040.84173,1555.917757,2246.400968
363,37,Log-Linear,0.445712027,-0.505415037,1375.292151,1816.372797,1283.16118,2635.108792
364,37,OLS,0.648563654,0.443595523,1095.091919,1104.262114,1561.610125,2297.473174
365,37,Quadratic_all,0.815568843,-3.756474831,793.312654,3228.63883,730.3294328,3238.723531
366,37,Quadratic_correlated,0.542889891,0.4373024,1248.928712,1110.489344,1457.497276,2237.197907
367,37,Stepwise,0.622866709,0.32062765,1134.422084,1220.199374,1656.200842,2439.253572
368,37,RandomForest,0.763539519,0.80711072,898.269226,650.1759645,1505.662579,1922.133945
369,37,Bagging,0.744317669,0.77969632,934.0660668,694.8446847,1525.862845,1967.249695
370,37,ANN,-5.352130867,-13.19672335,4655.721091,5577.902565,-2560.677686,1629.021122
371,38,Lasso,0.39057849,0.383432452,1288.834455,1716.585037,1039.831814,2366.728374
372,38,Ridge,0.387904158,0.366592242,1291.659263,1739.869522,1035.093639,2381.879255
373,38,Log-Linear,0.372779322,0.31856127,1307.520275,1804.630936,826.673829,2180.773531
374,38,OLS,0.629310024,0.625848811,1005.179608,1337.206738,1358.669521,2406.760647
375,38,Quadratic_all,0.940447908,-6.895215547,402.8902503,6142.667202,61.88736156,4924.840895
376,38,Quadratic_correlated,0.544593931,0.488029391,1114.134583,1564.218817,1092.558041,2292.887849
377,38,Stepwise,0.608839013,0.557622512,1032.561707,1454.023749,1362.610708,2509.731662
378,38,RandomForest,0.76018262,0.597316398,808.4973017,1387.257124,1339.607681,2428.006343
379,38,Bagging,0.742317226,0.591036723,838.0712486,1398.032113,1302.356901,2394.87144
380,38,ANN,-8.011979731,-80.9354112,4956.194612,19788.4059,-4507.183991,11161.83099
381,39,Lasso,0.45679447,0.31195888,1371.097178,1174.18195,1660.847737,2405.987978
382,39,Ridge,0.41441455,0.288236975,1423.578055,1194.251828,1604.734005,2389.837603
383,39,Log-Linear,0.517847489,-87.30185016,1291.749678,13301.88242,864.6979666,10795.51282
384,39,OLS,0.676934999,-1.249173424,1057.380025,2122.949555,1893.522136,3256.919636
385,39,Quadratic_all,0.838388491,-71.85710956,747.8634143,12082.70499,-4953.354251,4555.92415
386,39,Quadratic_correlated,0.594482834,-0.831784331,1184.651932,1915.867071,1567.803431,2906.149356
387,39,Stepwise,0.672112957,-1.176667602,1065.24198,2088.450853,1932.996496,3252.096244
388,39,RandomForest,0.793375263,0.250871996,845.6240035,1225.197831,1534.600404,2371.071954
389,39,Bagging,0.782279219,0.244602653,868.0327034,1230.3139,1506.762219,2357.421141
390,39,ANN,-5.563827682,-167.6122171,4766.117351,18381.15184,-2347.762014,11971.27607
391,40,Lasso,0.38023456,0.339675001,1239.050816,1849.547613,1266.715266,2682.496699
392,40,Ridge,0.3654286,0.315530961,1253.763689,1883.057363,1208.56216,2640.694927
393,40,Log-Linear,0.557681291,-0.547386397,1046.750303,2831.300942,1084.675687,3321.653399
394,40,OLS,0.702215511,0.384243142,858.8681081,1786.040386,1523.422885,2928.10634
395,40,Quadratic_all,0.875970922,-0.930893541,554.290198,3162.756893,1723.050436,4200.636581
396,40,Quadratic_correlated,0.564768234,0.356681313,1038.330792,1825.575208,1404.265357,2826.471917
397,40,Stepwise,0.684708972,0.407222851,883.7537036,1752.396483,1458.954302,2826.147633
398,40,RandomForest,0.787833249,0.407665695,724.9600979,1751.741783,1270.300511,2595.478319
399,40,Bagging,0.756873452,0.391608554,776.0534478,1775.326336,1285.193122,2636.715917
400,40,ANN,-7.578698959,-5.759507525,4609.843211,5917.580492,-2298.193646,1894.592216
401,41,Lasso,0.44056959,0.358832726,1375.267257,1223.217463,1244.674683,2173.533255
402,41,Ridge,0.421183237,0.29295587,1398.89339,1284.521151,1273.480386,2241.237082
403,41,Log-Linear,0.196431729,-53.09918818,1648.259009,11236.0425,-1003.328011,7765.000384
404,41,OLS,0.697667929,-1.632833588,1011.01169,2478.732745,485.7797128,2450.302195
405,41,Quadratic_all,0.875012227,-54.6095518,650.0516017,11391.80904,-2578.226259,6448.083522
406,41,Quadratic_correlated,0.572111114,-0.375651117,1202.761647,1791.728293,1060.987427,2446.785978
407,41,Stepwise,0.689101826,-1.390969701,1025.234362,2362.136745,533.5974027,2405.456306
408,41,RandomForest,0.790169325,0.479981525,842.2646172,1101.608773,1199.540993,2047.154543
409,41,Bagging,0.765838852,0.477805618,889.7571507,1103.911091,1216.819938,2062.920324
410,41,ANN,-6.020772524,-17.93371425,4871.991466,6647.156567,-314.4233345,4906.173562
411,42,Lasso,0.449541027,0.368823491,1261.932583,1602.20544,1056.740846,2267.163943
412,42,Ridge,0.407272191,0.326241179,1309.487412,1655.369772,1009.678037,2257.0844
413,42,Log-Linear,0.48767281,-1.235388682,1217.439473,3015.222133,629.6880453,3007.291059
414,42,OLS,0.737686341,-0.050764128,871.1323247,2067.261457,931.076777,2537.486917
415,42,Quadratic_all,0.920759984,-21.27914566,478.790972,9519.01596,-4470.403885,2685.285045
416,42,Quadratic_correlated,0.583600398,0.312204704,1097.56141,1672.524118,927.2579306,2164.174415
417,42,Stepwise,0.707118702,-0.133499427,920.4908935,2147.105779,902.7796566,2574.495812
418,42,RandomForest,0.801815842,0.398062713,757.1957096,1564.654349,1137.67873,2334.546648
419,42,Bagging,0.786319628,0.327265994,786.2415506,1654.11035,1078.105955,2343.003896
420,42,ANN,-7.177143872,-7.83784439,4863.786418,5995.369633,-1896.478027,2646.583908
421,43,Lasso,0.515947474,0.240678135,1258.202179,1474.350309,1015.651861,2183.927383
422,43,Ridge,0.445497954,0.283053129,1346.653189,1432.620691,1023.386306,2158.843741
423,43,Log-Linear,0.506389425,-2.946939816,1270.563617,3361.382884,517.8859704,3172.721715
424,43,OLS,0.70788115,0.014951126,977.4262059,1679.25489,1079.053029,2400.551557
425,43,Quadratic_all,0.851237177,-0.715595998,697.5115322,2216.130059,58.43774327,1745.393491
426,43,Quadratic_correlated,0.622733816,-0.094129848,1110.780194,1769.791746,864.1798052,2267.947606
427,43,Stepwise,0.695792583,0.131131988,997.4452967,1577.119628,1115.766441,2355.950846
428,43,RandomForest,0.799498673,0.505225046,809.7721062,1190.122281,852.8316334,1782.390673
429,43,Bagging,0.783529192,0.479262702,841.4026129,1220.947738,865.6025622,1823.457374
430,43,ANN,-5.411914847,-34.42598379,4579.28908,10070.4457,-6908.238911,46.277289
431,44,Lasso,0.501021865,0.147846976,1272.173893,1589.45404,633.6014679,1876.778011
432,44,Ridge,0.46990083,0.157912041,1311.246323,1580.03937,673.1658073,1913.569448
433,44,Log-Linear,0.519874381,-0.577312656,1247.909702,2162.459955,204.9955904,1877.776962
434,44,OLS,0.722706009,0.083974102,948.3659452,1647.946301,598.9834296,1887.628244
435,44,Quadratic_all,0.905908977,-15.51494791,552.4332592,6997.256333,-1011.649778,4536.552799
436,44,Quadratic_correlated,0.595068801,0.284921848,1146.030935,1456.015286,836.6258608,1988.546391
437,44,Stepwise,0.692967755,0.081820408,997.9245691,1649.88243,544.205756,1825.61323
438,44,RandomForest,0.812895162,0.296761145,779.019322,1443.911611,688.3227357,1813.559463
439,44,Bagging,0.788615867,0.305296398,828.0220721,1435.122439,709.6955963,1830.657547
440,44,ANN,-6.005617578,-8.776727477,4766.821993,5383.763014,-1137.212336,3113.110063
441,45,Lasso,0.471633466,0.300457698,1212.307154,1769.789204,917.1705717,2241.713531
442,45,Ridge,0.422835011,0.266936688,1267.053656,1811.695865,902.09264,2262.6209
443,45,Log-Linear,0.594668241,-0.701895394,1061.818612,2760.456973,180.8870407,2234.556675
444,45,OLS,0.711074524,0.020391465,896.4744903,2094.309346,776.0364648,2369.373855
445,45,Quadratic_all,0.869912973,-1.628739333,601.5365377,3430.744,1524.616786,4190.735071
446,45,Quadratic_correlated,0.600238565,0.29391309,1054.497282,1778.048614,776.2980769,2054.897979
447,45,Stepwise,0.690584933,0.010525438,927.717493,2104.829236,744.8619126,2339.587507
448,45,RandomForest,0.808326627,0.292287232,730.1732355,1780.094533,845.2952745,2154.785367
449,45,Bagging,0.78937124,0.292002618,765.4271314,1780.452438,839.3702576,2146.948638
450,45,ANN,-6.586843918,-6.06931984,4593.837111,5626.047134,-1075.242808,3310.021839
451,46,Lasso,0.433959673,0.413595919,1343.498134,1369.688467,901.9395045,1956.509939
452,46,Ridge,0.411129112,0.393017346,1370.324502,1393.514355,919.6187872,1999.225305
453,46,Log-Linear,0.399059687,-16.18988674,1384.296276,7415.830835,53.10764729,5859.585121
454,46,OLS,0.629475638,0.220856477,1086.98053,1578.817891,1106.855006,2359.279573
455,46,Quadratic_all,0.8501953,-22.97259133,691.1560277,8757.513143,-3079.032507,3778.350369
456,46,Quadratic_correlated,0.503929154,0.655223941,1257.723666,1050.247987,1193.152007,2017.332641
457,46,Stepwise,0.61159264,0.499791264,1112.90247,1265.024519,1113.510168,2110.277526
458,46,RandomForest,0.767756533,0.720388342,860.5678827,945.8035592,1256.20693,1999.242892
459,46,Bagging,0.741801943,0.683425337,907.3813853,1006.378578,1194.957831,1981.733828
460,46,ANN,-6.415556494,-36.86387806,4862.787088,11006.16079,-4732.775349,3820.4934
461,47,Lasso,0.527032017,0.129740123,1132.302483,1988.969387,654.0603446,2032.241261
462,47,Ridge,0.487669901,0.108552708,1178.478122,2013.035591,663.803963,2075.051265
463,47,Log-Linear,0.519480573,-0.239977541,1141.305904,2374.162976,222.3182715,1797.398308
464,47,OLS,0.712037809,0.203557183,883.5158059,1902.746441,789.2150674,2141.0998
465,47,Quadratic_all,0.922951196,-5.323626167,457.0140364,5361.504963,1165.62923,5352.444764
466,47,Quadratic_correlated,0.599565502,0.293008822,1041.867117,1792.712373,891.1889105,2171.615994
467,47,Stepwise,0.693368838,0.235318348,911.705832,1864.420859,825.5175489,2152.919887
468,47,RandomForest,0.852875306,0.201382027,631.5232952,1905.342955,716.2057247,2032.108247
469,47,Bagging,0.820300854,0.230927429,697.9424195,1869.766093,734.7860531,2019.545142
470,47,ANN,-7.435424971,-17.04724922,4781.895399,9057.516341,-2476.144661,4643.53882
471,48,Lasso,0.460633681,0.408117738,1299.121424,1415.303131,1144.73366,2253.58373
472,48,Ridge,0.415732821,0.384721232,1352.114838,1443.004778,1083.93442,2220.247159
473,48,Log-Linear,0.550810486,-2.15024597,1185.557543,3265.156764,422.1122877,3005.747396
474,48,OLS,0.673047066,-2.306530202,1011.464053,3345.16891,-939.6032005,1545.858782
475,48,Quadratic_all,0.820822653,-226.480179,748.7716358,27746.20467,-17592.36045,3335.659079
476,48,Quadratic_correlated,0.571815444,0.321430675,1157.506218,1515.4057,1252.650409,2420.452473
477,48,Stepwise,0.640000218,-0.874533149,1061.350801,2518.711165,-116.2175119,1819.693508
478,48,RandomForest,0.775587084,0.534683567,837.976342,1254.890987,1101.162342,2092.168468
479,48,Bagging,0.76056674,0.528865129,865.5657693,1262.712355,1115.060383,2110.971684
480,48,ANN,-5.747579543,-6.259968641,4594.961107,4956.774675,-2149.501596,1516.98017
481,49,Lasso,0.404088562,0.409546761,1335.720041,1485.690717,1214.538942,2367.918403
482,49,Ridge,0.392672124,0.392831338,1348.454165,1506.573519,1173.871958,2338.01199
483,49,Log-Linear,0.535700002,-0.029189731,1179.027466,1961.477711,630.8414885,2069.644215
484,49,OLS,0.710288913,0.250588259,931.3376059,1673.770472,1139.782126,2445.487044
485,49,Quadratic_all,0.898507136,-3.257403923,551.2420464,3989.404593,1722.675368,4755.470043
486,49,Quadratic_correlated,0.570001273,0.367596995,1134.6402,1537.561932,1169.14375,2360.058359
487,49,Stepwise,0.688590697,0.312012201,965.5846942,1603.710688,1366.091725,2636.138569
488,49,RandomForest,0.77931237,0.516315744,812.8559271,1344.672834,1199.492028,2221.11448
489,49,Bagging,0.763014176,0.505879081,842.3367832,1359.102701,1206.172052,2243.051285
490,49,ANN,-7.141343502,-20.0798265,4937.107925,8877.060329,-2844.741901,4100.974906
491,50,Lasso,0.371221179,0.299494679,1281.883385,1883.68948,968.2598854,2402.892382
492,50,Ridge,0.387577805,0.330514893,1265.100497,1841.50988,1010.987133,2417.306399
493,50,Log-Linear,0.486380089,-88.91515633,1158.565232,21341.25941,-2410.436382,14263.07365
494,50,OLS,0.717335935,-0.860142282,859.4782005,3069.563876,459.1863127,2854.139337
495,50,Quadratic_all,0.85839729,-24.34844584,608.3245562,11331.28757,-2519.338577,6468.690643
496,50,Quadratic_correlated,0.576113656,0.015811228,1052.505269,2232.763871,981.5449918,2730.124461
497,50,Stepwise,0.710239972,-0.6637011,870.1994469,2902.961291,517.3553519,2776.224673
498,50,RandomForest,0.772797164,0.442926013,770.5599631,1679.809498,1246.60095,2556.148343
499,50,Bagging,0.750859416,0.424135364,806.9038826,1707.905344,1158.965769,2477.203706
500,50,ANN,-7.101657609,-32.27390364,4601.363131,12982.41448,-764.6019956,9399.227657
501,51,Lasso,0.389284519,0.549450003,1373.20964,1257.875334,1030.264124,1964.465055
502,51,Ridge,0.361430409,0.484671244,1404.175838,1345.266397,975.8115278,1977.933274
503,51,Log-Linear,0.433689232,-0.295488854,1322.345035,2132.961153,982.0461282,2671.926977
504,51,OLS,0.684082695,-3.554072074,987.6523178,3999.134909,-928.8101154,2049.25542
505,51,Quadratic_all,0.875106759,-64.13511342,620.9932036,15124.24459,-8642.439764,2707.67963
506,51,Quadratic_correlated,0.505997352,0.460144882,1235.042827,1376.907346,1054.746676,2109.673141
507,51,Stepwise,0.659958299,-2.529544428,1024.668697,3520.67091,-456.1605855,2206.268793
508,51,RandomForest,0.773117422,0.52563674,836.9855375,1290.689057,1120.963043,2112.356097
509,51,Bagging,0.754373205,0.495070597,870.8738499,1331.623454,1062.64176,2077.595097
510,51,ANN,-6.333793222,-11.36016478,4758.627495,6588.373864,-640.8885022,4586.134322
511,52,Lasso,0.366254292,0.261003727,1275.665153,1763.662818,1282.873894,2517.144252
512,52,Ridge,0.354002668,0.223246881,1287.93676,1808.156172,1228.958302,2484.818924
513,52,Log-Linear,0.332472989,-1.048657624,1309.222917,2936.494065,1431.910034,3759.193635
514,52,OLS,0.646677536,0.267577289,952.4996,1755.801179,1705.025775,3071.253239
515,52,Quadratic_all,0.80095108,-10.66786278,714.9227044,7007.935431,-1010.650167,4493.624261
516,52,Quadratic_correlated,0.493743626,0.418531438,1140.156399,1564.435112,1426.198159,2509.844649
517,52,Stepwise,0.638708272,0.321395864,963.1816179,1690.062192,1779.543817,3100.399411
518,52,RandomForest,0.797046049,0.239368054,721.9014795,1789.294043,1472.205074,2812.872883
519,52,Bagging,0.764127375,0.271160153,778.2478804,1751.501403,1451.23966,2747.374238
520,52,ANN,-7.766965741,-27.7061055,4744.646179,10992.12285,-718.7970042,7973.098154
521,53,Lasso,0.3338115,0.565859509,1456.527783,1174.059364,1305.771678,2233.319786
522,53,Ridge,0.352036793,0.579389826,1436.466097,1155.619327,1330.978426,2245.087923
523,53,Log-Linear,0.30839075,-0.52057429,1484.057076,2197.246248,610.3933871,2322.940265
524,53,OLS,0.653820634,-0.260879206,1049.955268,2000.83673,812.731966,2384.700248
525,53,Quadratic_all,0.808788254,-30.22974227,780.3285394,9957.701654,2067.148011,9357.900545
526,53,Quadratic_correlated,0.53154517,0.318477787,1221.389178,1471.007604,1123.447312,2282.286517
527,53,Stepwise,0.620794696,0.206217195,1098.898066,1587.543936,968.2765283,2206.640822
528,53,RandomForest,0.765847774,0.604998534,863.5139388,1119.887155,1358.658844,2245.142124
529,53,Bagging,0.753767986,0.618619578,885.5079535,1100.408934,1384.129939,2255.993182
530,53,ANN,-6.214748397,-20.08804644,4793.257964,8182.63322,-2709.708112,3688.1503
531,54,Lasso,0.430850583,0.337502288,1325.352921,1535.724843,954.5067083,2147.518205
532,54,Ridge,0.426554636,0.320919987,1330.345408,1554.825636,918.7784069,2122.034347
533,54,Log-Linear,0.547537055,-0.144486559,1181.707252,2018.489836,368.7674439,1855.239655
534,54,OLS,0.719719242,-0.945974023,930.0687093,2632.023351,-142.5706815,1773.045513
535,54,Quadratic_all,0.88882175,-17.91466568,585.7715957,8205.792925,-2446.748777,4006.614025
536,54,Quadratic_correlated,0.590201252,0.323850579,1124.61457,1551.467058,781.4876047,1947.070683
537,54,Stepwise,0.705376922,-0.854020237,953.5682304,2569.084883,-138.4234036,1712.47411
538,54,RandomForest,0.806643399,0.288519663,772.4989428,1591.485439,886.1400758,2115.685525
539,54,Bagging,0.788421747,0.269980177,808.0791569,1612.087258,891.2212975,2140.193282
540,54,ANN,-6.471472942,-6.052390552,4801.992816,5010.5961,-2084.186928,1505.727125
541,55,Lasso,0.450702208,0.335818226,1348.669555,1323.235865,1458.312976,2417.614654
542,55,Ridge,0.423686177,0.311826115,1381.437196,1346.923347,1438.127547,2420.858159
543,55,Log-Linear,0.50549507,-242.4679733,1279.637445,25334.63823,-833.7268427,18394.57438
544,55,OLS,0.704556934,-0.957194303,989.0961884,2271.489629,1388.534692,3066.911456
545,55,Quadratic_all,0.885502859,-80.29985134,615.7422421,14639.91862,1809.595437,12491.24199
546,55,Quadratic_correlated,0.568298991,0.123755647,1195.619966,1519.869861,1283.439607,2433.242805
547,55,Stepwise,0.695003634,-1.14424496,1004.960424,2377.557264,1444.568725,3185.688662
548,55,RandomForest,0.800034475,0.367545274,813.7278702,1291.244569,1474.691718,2405.391962
549,55,Bagging,0.781180891,0.404819223,851.2247647,1252.616808,1495.581995,2391.170346
550,55,ANN,-6.022228742,-14.74897152,4822.132207,6443.47111,-999.7736058,4110.869273
551,56,Lasso,0.445878141,0.385537403,1303.894279,1501.406978,1080.956055,2271.414836
552,56,Ridge,0.421453765,0.349641943,1332.320696,1544.638894,1084.256554,2309.483105
553,56,Log-Linear,0.531833155,0.228550203,1198.505595,1682.304236,642.7751432,1930.592574
554,56,OLS,0.694634967,0.352416331,967.9421256,1541.340705,1055.010022,2276.866195
555,56,Quadratic_all,0.84286634,-3.886318791,694.3434644,4233.909811,993.4437452,4274.831428
556,56,Quadratic_correlated,0.538521247,0.543314451,1189.914054,1294.372682,1039.303506,2056.148855
557,56,Stepwise,0.687971669,0.337952025,978.445753,1558.459191,1102.141933,2338.575511
558,56,RandomForest,0.802590072,0.427005101,778.2591466,1449.860044,1063.138976,2211.134578
559,56,Bagging,0.775837827,0.447967692,829.3176387,1423.091916,1037.561754,2161.973225
560,56,ANN,-6.380444754,-163.3445778,4758.61978,24554.34728,-14484.25186,4220.885128
561,57,Lasso,0.450522826,0.365454837,1277.247595,1599.725855,1115.254038,2383.577992
562,57,Ridge,0.424585461,0.330742723,1307.045424,1642.898928,1112.51692,2415.481644
563,57,Log-Linear,0.541353727,-0.577084839,1166.914939,2521.981077,688.5739795,2687.172755
564,57,OLS,0.676848772,-0.213412389,979.4971375,2212.170047,1000.800804,2755.030448
565,57,Quadratic_all,0.833298894,-4.382848108,703.5087555,4659.296604,1346.534952,4893.655362
566,57,Quadratic_correlated,0.504276703,0.584016319,1213.165162,1295.246544,1414.426895,2437.808295
567,57,Stepwise,0.667601146,-0.098216775,993.4134244,2104.54556,1050.047247,2718.669158
568,57,RandomForest,0.769289687,0.568432884,827.6253212,1319.284524,1530.623627,2560.30312
569,57,Bagging,0.755621199,0.58620521,851.7890064,1291.834278,1488.775456,2502.865275
570,57,ANN,-6.723324712,-19.41517257,4788.532208,9073.833855,-3475.923295,3587.4932
571,58,Lasso,0.396449283,0.433962131,1409.464188,1250.687702,1213.997758,2191.166574
572,58,Ridge,0.397582592,0.321330192,1408.140265,1369.479073,1146.533703,2221.539162
573,58,Log-Linear,0.483499003,-0.963492751,1303.865345,2329.382384,326.6506927,2164.950897
574,58,OLS,0.677048211,-0.276709049,1031.017431,1878.330903,841.4694725,2329.573826
575,58,Quadratic_all,0.844204584,-14.01224168,716.1013587,6440.934895,-1076.262769,4033.847141
576,58,Quadratic_correlated,0.528767309,0.34160972,1245.41722,1348.862997,776.8324398,1837.638366
577,58,Stepwise,0.653463942,-0.014200638,1068.000302,1674.125745,930.4069939,2255.86268
578,58,RandomForest,0.77432715,0.594183651,861.8601834,1058.987674,1263.507031,2089.840434
579,58,Bagging,0.747661899,0.587269123,911.3570879,1067.971383,1199.327593,2039.898233
580,58,ANN,-6.11085087,-214.1519202,4837.911791,24383.65184,-9772.334658,9531.185476
581,59,Lasso,0.453744252,0.337763313,1269.751461,1646.151463,1278.036125,2548.133344
582,59,Ridge,0.429772916,0.322174385,1297.312588,1665.413814,1255.048296,2543.406668
583,59,Log-Linear,0.097814931,-201.8901816,1631.806013,28813.34569,-3389.723109,18927.81341
584,59,OLS,0.715421104,0.028779275,916.4780261,1993.527104,1156.150775,2705.422804
585,59,Quadratic_all,0.904713039,-6.761647002,530.3193193,5635.599447,849.3534647,5164.206569
586,59,Quadratic_correlated,0.595103498,0.283953263,1093.182634,1711.724471,1165.374194,2501.837632
587,59,Stepwise,0.697906107,-0.002979245,944.2601989,2025.858684,1139.531527,2715.503441
588,59,RandomForest,0.7820248,0.513527517,802.0921276,1410.887267,1185.331704,2292.32877
589,59,Bagging,0.768401962,0.499257894,826.776548,1431.43038,1190.688733,2312.613954
590,59,ANN,-7.287790736,-5.801423785,4945.840423,5275.493498,-2018.977395,1982.253341
591,60,Lasso,0.451153665,0.211713072,1295.859441,1707.387761,953.3573596,2304.44461
592,60,Ridge,0.475642137,0.201676336,1266.620187,1718.222901,913.81394,2271.136102
593,60,Log-Linear,0.374277454,-1891.60734,1383.640975,83660.46259,-12614.61284,52198.46611
594,60,OLS,0.712141654,-1.748803576,938.4733092,3188.319645,293.8567907,2818.639101
595,60,Quadratic_all,0.85348293,-27.887379,669.5401512,10335.79939,-1715.501521,6469.70611
596,60,Quadratic_correlated,0.58044425,-0.185857369,1132.993326,2094.142496,1186.657476,2835.345792
597,60,Stepwise,0.696608085,-1.28181157,963.4618314,2904.891331,395.3886608,2694.206834
598,60,RandomForest,0.805914167,0.412655031,770.600756,1473.79347,1079.246079,2246.385927
599,60,Bagging,0.785691676,0.416100422,809.7520058,1469.464445,1055.310845,2217.548794
600,60,ANN,-6.109593937,-25.39940655,4663.961011,9880.685674,-6960.602737,-416.9283161
601,61,Lasso,0.502676657,0.324875413,1157.406631,1830.79215,1096.512201,2539.761218
602,61,Ridge,0.454108307,0.260178269,1212.606205,1916.507933,1036.761344,2545.980277
603,61,Log-Linear,0.42158762,-320.8090866,1248.203321,39971.11202,-4859.957678,26109.59885
604,61,OLS,0.703570582,-0.095216835,893.5671494,2331.831339,1283.865165,3128.283731
605,61,Quadratic_all,0.832987101,-7.764880776,670.7204556,6596.599019,850.2311694,5967.330402
606,61,Quadratic_correlated,0.565176256,0.254278588,1082.238973,1924.13432,1206.753341,2732.703207
607,61,Stepwise,0.685648747,-0.220958224,920.1828638,2462.053476,1117.43914,3070.014397
608,61,RandomForest,0.788542231,0.439123022,754.7069809,1668.710069,1184.762369,2500.802462
609,61,Bagging,0.76357379,0.426994,798.0210626,1686.656576,1168.246436,2497.744424
610,61,ANN,-6.926593093,-9.748521488,4620.721846,7305.020581,-2005.569935,3715.306414
611,62,Lasso,0.480206847,0.295636844,1243.055717,1649.201397,1060.187229,2337.527245
612,62,Ridge,0.440148571,0.270608851,1290.065359,1678.246008,1017.718399,2312.528808
613,62,Log-Linear,0.481804774,-53.08290751,1241.14357,14451.24933,-1492.208902,9848.851622
614,62,OLS,0.750356274,-0.246065239,861.4610501,2193.541064,774.5955672,2481.409748
615,62,Quadratic_all,0.919833017,-7.708331931,488.1722482,5798.86323,-72.31178756,4526.399072
616,62,Quadratic_correlated,0.619716274,0.136094862,1063.234814,1826.452605,899.395187,2302.731547
617,62,Stepwise,0.745847941,-0.271862386,869.2048365,2216.131059,862.8054602,2602.168556
618,62,RandomForest,0.794356619,0.398609703,781.8666439,1523.889887,1145.870164,2328.047665
619,62,Bagging,0.779356402,0.385737512,809.8805763,1540.112252,1112.995976,2303.254446
620,62,ANN,-6.981507839,-10.41983224,4870.996195,6640.568188,-1805.584368,3364.610895
621,63,Lasso,0.449936048,0.159159161,1352.674004,1324.908988,1051.976376,2013.277852
622,63,Ridge,0.417613913,0.087298574,1391.848759,1380.363645,1110.072112,2094.234243
623,63,Log-Linear,0.378510242,-0.141249602,1437.816752,1543.545612,926.2346677,2082.681427
624,63,OLS,0.697016436,-0.542454751,1003.913019,1794.466538,569.4104904,1976.147665
625,63,Quadratic_all,0.850670838,-56.08656831,704.7885899,10916.81917,-5229.432582,3290.107567
626,63,Quadratic_correlated,0.571772661,0.089928316,1193.503636,1378.373608,1017.445085,2028.202128
627,63,Stepwise,0.679416109,-0.363810356,1032.660104,1687.353746,980.7024096,2229.367948
628,63,RandomForest,0.798864286,0.03154281,817.9582678,1421.901007,865.2319628,1945.704935
629,63,Bagging,0.77246046,0.062922657,869.9914591,1398.675175,917.0478918,1968.73425
630,63,ANN,-5.350960465,-34.37239537,4596.277653,8593.327894,-1050.356334,5686.342058
631,64,Lasso,0.411359501,0.475554335,1352.814916,1356.541697,1270.679226,2345.783831
632,64,Ridge,0.391988495,0.450185896,1374.893987,1388.963507,1240.650643,2342.02855
633,64,Log-Linear,0.077596382,-78.31917417,1693.455593,16682.917,-1527.709891,11459.27501
634,64,OLS,0.654982529,0.175036499,1035.699718,1701.375852,1116.07587,2465.438
635,64,Quadratic_all,0.833137851,-37.82172741,720.2648654,11671.32937,-505.9720729,8574.084223
636,64,Quadratic_correlated,0.546151659,0.374950528,1187.869388,1480.948968,1238.557009,2411.813584
637,64,Stepwise,0.645752434,0.113743124,1049.462082,1763.448196,1150.505983,2547.18955
638,64,RandomForest,0.755143239,0.712091767,872.5078919,1005.101542,1507.319352,2295.125959
639,64,Bagging,0.737779042,0.691174634,902.9153035,1040.972795,1449.108856,2270.028263
640,64,ANN,-6.53798814,-8.555446703,4841.066394,5790.397717,-1388.739589,3153.945034
641,65,Lasso,0.490723718,0.161976645,1283.055244,1503.421351,846.1013081,2019.114741
642,65,Ridge,0.439768982,0.141404682,1345.712251,1521.762616,870.289436,2053.620614
643,65,Log-Linear,0.439308493,0.13795657,1346.265199,1524.815247,549.8373046,1759.588772
644,65,OLS,0.722403951,0.08819501,947.2732454,1568.207891,643.8417871,1885.259565
645,65,Quadratic_all,0.870226303,-4.292774048,647.6822121,3778.281656,-7.064764408,2979.361543
646,65,Quadratic_correlated,0.611527003,0.143341038,1120.595951,1520.045661,817.3001519,2006.594246
647,65,Stepwise,0.701927804,-0.007981908,981.5882799,1648.841924,659.4320081,1962.110959
648,65,RandomForest,0.820902467,0.041313337,760.8752057,1608.018332,669.7438946,1940.31524
649,65,Bagging,0.799626116,0.06242854,804.8022621,1590.211326,688.2743809,1943.82802
650,65,ANN,-6.083723279,-55.84246471,4785.192621,12381.95163,-7232.832181,2140.364496
651,66,Lasso,0.435902708,0.409182089,1372.117572,1219.309454,1208.784647,2145.905438
652,66,Ridge,0.408723441,0.381743914,1404.784315,1247.301127,1209.435643,2167.241571
653,66,Log-Linear,0.293335249,-2.508230722,1535.7518,2971.195225,477.1881157,2824.287646
654,66,OLS,0.674961171,0.00164607,1041.554359,1585.000417,835.5186744,2091.065097
655,66,Quadratic_all,0.857431229,-29.50862511,689.8052909,8761.902838,-622.2888368,6235.770947
656,66,Quadratic_correlated,0.563991355,0.246419278,1206.318168,1377.057278,1342.055035,2366.251493
657,66,Stepwise,0.640816977,0.045663214,1094.894361,1549.665438,1105.85154,2306.854062
658,66,RandomForest,0.759951416,0.670149434,895.0842035,911.0573827,1279.254109,1973.914268
659,66,Bagging,0.748090154,0.657137265,916.9314943,928.8535758,1259.076579,1970.939203
660,66,ANN,-5.835297992,-10.09584907,4776.315923,5284.055678,-2551.853407,1333.736124
661,67,Lasso,0.477920183,0.126024129,1279.583223,1718.009668,777.7731782,2139.940607
662,67,Ridge,0.497731498,0.105374047,1255.070313,1738.187524,733.3387196,2110.171124
663,67,Log-Linear,0.551241591,-249.4831558,1186.332383,29084.73728,-4037.127206,18582.3104
664,67,OLS,0.749763293,-0.626692904,885.8814199,2343.843813,664.1099154,2522.761036
665,67,Quadratic_all,0.879756995,-23.11545859,614.0871299,9024.510293,-237.2074434,6786.083528
666,67,Quadratic_correlated,0.601882955,-0.140651508,1117.391777,1962.692991,944.5202502,2493.663547
667,67,Stepwise,0.736342221,-0.464452731,909.3276146,2223.891327,711.6745243,2475.109756
668,67,RandomForest,0.819441159,0.273098347,752.5051295,1566.800532,793.0878097,2033.255399
669,67,Bagging,0.802679501,0.278038402,786.6584052,1561.467433,784.5090833,2019.804317
670,67,ANN,-5.885026601,-21.7085768,4646.7884,8757.312358,-5594.524877,573.7278828
671,68,Lasso,0.417659797,0.37928943,1250.311764,1743.924777,951.3110104,2273.70233
672,68,Ridge,0.393778983,0.341613059,1275.690804,1796.072162,913.652087,2274.874537
673,68,Log-Linear,0.466575337,0.229326299,1196.648157,1943.20423,572.5754417,1954.276438
674,68,OLS,0.665345408,0.181661583,947.8253604,2002.394517,685.0851059,2174.840499
675,68,Quadratic_all,0.759480911,-2.944223342,803.5348286,4396.063196,-792.5468217,2552.271675
676,68,Quadratic_correlated,0.492471134,0.530109588,1167.240384,1517.334978,1234.354381,2414.227752
677,68,Stepwise,0.637079812,0.160337332,987.0416844,2028.315923,717.2857973,2242.880616
678,68,RandomForest,0.761239516,0.549288539,800.5918331,1486.046771,1176.881596,2316.994545
679,68,Bagging,0.741448187,0.524323103,833.112641,1526.649034,1138.187636,2306.403741
680,68,ANN,-7.43752436,-8.219504322,4759.238293,6721.047485,-2255.093125,2879.535756
681,69,Lasso,0.44853602,0.355649555,1311.909625,1481.33865,725.3249751,1894.724943
682,69,Ridge,0.419300397,0.316363353,1346.235712,1525.829319,767.1772091,1975.800608
683,69,Log-Linear,0.265289608,-0.052365383,1514.270403,1893.113118,579.9201166,2078.40591
684,69,OLS,0.722642465,0.031595713,930.3906277,1816.024234,62.50183568,1379.348069
685,69,Quadratic_all,0.901119723,-3.69278839,555.5206155,3997.686869,-186.5114703,2984.833891
686,69,Quadratic_correlated,0.589328261,0.344879299,1132.120752,1493.667562,480.5050474,1620.652567
687,69,Stepwise,0.697595669,0.117851749,971.4922618,1733.261446,79.63798683,1315.4084
688,69,RandomForest,0.818311953,0.157126826,753.0234839,1694.237944,530.0370991,1857.80429
689,69,Bagging,0.801169661,0.198614195,787.7468379,1652.015474,579.2859249,1877.246123
690,69,ANN,-6.108196834,-11.75650995,4710.045096,6591.120083,-1443.916273,3780.298554
691,70,Lasso,0.471209201,0.371791019,1326.864439,1239.370454,1277.656711,2187.451549
692,70,Ridge,0.416301899,0.348917241,1394.051282,1261.732139,1253.272917,2186.228502
693,70,Log-Linear,0.395586303,0.063250625,1418.573226,1513.424548,1066.53772,2227.805316
694,70,OLS,0.680459891,-0.15083704,1031.447907,1677.474719,695.434313,2024.067067
695,70,Quadratic_all,0.829233088,-81.27277351,754.0262614,14183.29504,-6376.809658,4755.068875
696,70,Quadratic_correlated,0.558754258,0.383008039,1212.062106,1228.255792,1229.023352,2143.617306
697,70,Stepwise,0.672941646,-0.054141788,1043.511485,1605.456649,682.585989,1955.530619
698,70,RandomForest,0.807669703,0.102481574,800.2182666,1481.394592,1147.865979,2268.676747
699,70,Bagging,0.785715154,0.176753814,844.6569109,1418.776322,1151.676169,2225.339708
700,70,ANN,-5.234427068,-9.0629571,4555.991281,4960.344946,-1546.969833,2327.139828
701,71,Lasso,0.473126561,0.173767681,1320.658097,1445.090829,809.8808137,1953.03245
702,71,Ridge,0.448207692,0.167606053,1351.528061,1450.469204,871.9398461,2014.568302
703,71,Log-Linear,0.496074641,-1.045937937,1291.57715,2273.999073,468.4690996,2270.915107
704,71,OLS,0.647012227,0.267591702,1080.978552,1360.569352,812.5188833,1890.085441
705,71,Quadratic_all,0.81396685,-18.95664898,784.7519729,7102.117692,236.1978894,5706.960247
706,71,Quadratic_correlated,0.526773528,0.55768888,1251.617887,1057.323743,1156.283238,1963.247761
707,71,Stepwise,0.629560227,0.374898585,1107.378407,1256.953746,845.0319374,1840.643656
708,71,RandomForest,0.767947526,0.624446758,876.4564614,974.2710841,1129.137279,1879.599004
709,71,Bagging,0.751179504,0.587714986,907.570397,1020.805097,1098.66723,1889.017398
710,71,ANN,-5.82468623,-9.602519632,4753.117939,5176.647562,-1547.108973,2512.015855
711,72,Lasso,0.392346935,0.55847701,1386.71418,1206.902855,1440.337446,2384.513475
712,72,Ridge,0.373176539,0.537907819,1408.418535,1234.695779,1384.059341,2355.561556
713,72,Log-Linear,0.300542468,-7.147407459,1487.783664,5184.482004,568.5559457,4621.649075
714,72,OLS,0.657018018,0.259029376,1041.824972,1563.493746,1248.192572,2482.616815
715,72,Quadratic_all,0.837226239,-35.06355892,717.7138205,10907.61862,-1868.2977,6765.806524
716,72,Quadratic_correlated,0.523541955,0.410997592,1227.923871,1393.972443,1284.69401,2386.264606
717,72,Stepwise,0.641186031,0.162485955,1065.598943,1662.232244,1264.70642,2573.182974
718,72,RandomForest,0.753555523,0.754515869,883.1178335,899.9271706,1705.98772,2371.159556
719,72,Bagging,0.737983655,0.752947819,910.5908922,902.7967765,1688.403205,2360.295101
720,72,ANN,-6.580236282,-42.64530487,4897.793625,11999.53506,-3104.926741,6415.165697
721,73,Lasso,0.483071768,0.180737173,1336.941547,1288.234221,1552.486072,2433.691864
722,73,Ridge,0.422742781,0.229924568,1412.804209,1248.963771,1511.087473,2378.316708
723,73,Log-Linear,0.504919276,-216.2036928,1308.384235,20975.71672,-1842.446784,14337.49137
724,73,OLS,0.690874481,-0.119894324,1033.867119,1506.162147,1569.636197,2606.912106
725,73,Quadratic_all,0.848571243,-3.586109791,723.6048559,3047.933103,316.1935097,2730.019594
726,73,Quadratic_correlated,0.593781386,-0.304738066,1185.160596,1625.716725,1286.878904,2499.815503
727,73,Stepwise,0.6564598,0.121546937,1089.898552,1333.959019,1377.671731,2350.987716
728,73,RandomForest,0.786763978,0.028583792,858.6725508,1402.768095,1380.482733,2403.746129
729,73,Bagging,0.761867634,0.24114301,907.4161549,1239.832957,1395.171442,2293.874597
730,73,ANN,-5.616579932,-25.09225032,4783.150824,7270.076405,-3408.375635,2143.063114
731,74,Lasso,0.418974493,0.377920828,1326.9564,1524.04299,995.0650946,2171.171584
732,74,Ridge,0.403219104,0.331414128,1344.82728,1579.985076,1006.632458,2234.795947
733,74,Log-Linear,0.511770969,-0.630054716,1216.384434,2467.035952,673.4337149,2616.998221
734,74,OLS,0.654197876,0.182511555,1023.700422,1747.089682,1154.033448,2538.26694
735,74,Quadratic_all,0.871996895,-16.81701473,622.8296887,8156.274937,-1129.272152,5340.375089
736,74,Quadratic_correlated,0.531191651,0.516909315,1191.946391,1343.039294,1108.010831,2144.66224
737,74,Stepwise,0.638723317,0.219846141,1046.35492,1706.728804,1115.923882,2465.012582
738,74,RandomForest,0.774537153,0.601125371,826.6021815,1220.37301,1245.802447,2198.937328
739,74,Bagging,0.747136401,0.544903357,875.3912708,1303.545525,1155.555343,2166.311928
740,74,ANN,-6.459624642,-8.939771159,4754.638925,6092.037671,-3046.970123,1225.85292
741,75,Lasso,0.459004007,0.198801231,1291.057738,1659.714902,1125.763146,2422.480487
742,75,Ridge,0.493509928,0.129699778,1249.206137,1729.808011,1115.628506,2471.288524
743,75,Log-Linear,0.635849228,-23798.46362,1059.227526,286053.2862,-20612.51206,195937.0816
744,75,OLS,0.764316465,-4.488046265,852.1445335,4343.824182,266.9887478,3712.80924
745,75,Quadratic_all,0.904447001,-268.4217335,542.5887701,30435.44597,-15731.75493,7948.514524
746,75,Quadratic_correlated,0.627392051,-0.940863632,1071.456881,2583.216868,1245.533,3288.588614
747,75,Stepwise,0.755695412,-3.042970203,867.5898294,3728.323833,580.5552272,3538.533711
748,75,RandomForest,0.827694394,0.241774963,728.6153959,1614.59059,1182.75846,2448.656199
749,75,Bagging,0.811225048,0.236169789,762.6421861,1620.547527,1159.977852,2427.871215
750,75,ANN,-6.269794111,-14.62012751,4732.707848,7328.340571,-4125.321305,906.1264496
751,76,Lasso,0.437254527,0.602637607,1398.81202,912.8182796,1694.02493,2357.711964
752,76,Ridge,0.383542167,0.701817377,1464.047064,790.7370948,1627.832209,2219.447106
753,76,Log-Linear,0.530171911,-37555.76118,1278.123557,280630.5928,-40804.91952,175643.1129
754,76,OLS,0.700681349,-4.182141187,1020.164579,3296.44298,2112.943953,4401.103955
755,76,Quadratic_all,0.841742843,-70.60364985,741.7969268,12253.45408,2831.004571,11513.63298
756,76,Quadratic_correlated,0.664192312,-7.259668455,1080.559454,4161.714225,2145.610823,5064.798727
757,76,Stepwise,0.684376535,-4.687307828,1047.581915,3453.379568,2158.692841,4547.013134
758,76,RandomForest,0.776019554,0.654887922,882.4871754,850.6894105,1648.147519,2278.825204
759,76,Bagging,0.756786102,0.658658532,919.596998,846.0294355,1671.034493,2292.068123
760,76,ANN,-5.626106267,-81.83612516,4799.903971,13179.55769,-7372.858114,2575.202304
761,77,Lasso,0.447957653,0.291951149,1416.333451,899.4667932,1017.104086,1710.778816
762,77,Ridge,0.41061303,0.210810697,1463.455701,949.6074609,1106.300776,1818.524491
763,77,Log-Linear,0.449943316,-0.136488124,1413.783923,1139.556793,252.9922033,1068.471291
764,77,OLS,0.695741002,-1.101599099,1051.480035,1549.631586,231.3337789,1434.288422
765,77,Quadratic_all,0.820558594,-11.6214041,807.4964983,3797.58374,-1434.795559,1436.134476
766,77,Quadratic_correlated,0.558326206,0.233170806,1266.864398,936.0581796,745.2490479,1487.33512
767,77,Stepwise,0.688896701,-0.897366329,1063.240776,1472.411219,273.9841476,1416.393012
768,77,RandomForest,0.801828675,0.083951681,848.5935407,1023.087349,780.0767748,1591.353548
769,77,Bagging,0.779040631,0.111039272,896.0567719,1007.847472,810.9494432,1609.261295
770,77,ANN,-5.668191815,-101.5891114,4922.47317,10826.90079,-4097.862407,4457.225537
771,78,Lasso,0.435556641,0.591848757,1379.234756,1009.691372,1133.744721,1933.659318
772,78,Ridge,0.381910665,0.537875768,1443.290102,1074.37886,1119.68437,1971.413141
773,78,Log-Linear,0.372865468,0.315715339,1453.812391,1307.363891,727.6325623,1724.333405
774,78,OLS,0.627276475,0.693986765,1120.78268,874.2752584,1172.458661,1863.881954
775,78,Quadratic_all,0.828095389,-2.28071797,761.1526641,2862.612294,16.02788133,2258.874858
776,78,Quadratic_correlated,0.530307101,0.56113246,1258.157486,1046.995497,1071.145947,1897.74679
777,78,Stepwise,0.590139238,0.620195053,1175.293082,973.9987328,1118.654135,1888.504586
778,78,RandomForest,0.756999274,0.810445056,904.9650232,688.0906254,1323.391236,1869.267984
779,78,Bagging,0.732774851,0.791274037,949.0010058,722.0484173,1293.901248,1866.728807
780,78,ANN,-5.326650733,-15.62429838,4617.585422,6443.914152,-2730.012352,2162.00052
781,79,Lasso,0.444212893,0.386602553,1205.690337,1749.105655,1134.438813,2473.581506
782,79,Ridge,0.378606802,0.378121818,1274.866749,1761.155575,1102.401079,2444.695513
783,79,Log-Linear,0.55851297,-647.7409029,1074.584374,56882.76546,-7627.641072,36459.92736
784,79,OLS,0.706432517,-0.325231161,876.265113,2570.933726,1106.299087,3143.087674
785,79,Quadratic_all,0.934882138,-7.125104308,412.6972854,6365.895927,-749.0175716,4286.328545
786,79,Quadratic_correlated,0.587688136,0.070882301,1038.471213,2152.684721,1015.573982,2692.4099
787,79,Stepwise,0.693360353,-0.371456689,895.5620861,2615.387901,1162.054465,3236.441878
788,79,RandomForest,0.76355881,0.540200729,786.3992932,1514.360248,1413.441546,2597.444321
789,79,Bagging,0.745562802,0.534303148,815.7777364,1524.041219,1379.892816,2567.067497
790,79,ANN,-8.716538154,-19.29189309,5041.239455,10060.19374,-4217.550455,3486.863601
791,80,Lasso,0.546715249,0.001757432,1215.696865,1704.732736,1145.178182,2497.629043
792,80,Ridge,0.508504015,0.081168153,1265.90096,1635.521577,1128.4233,2425.803254
793,80,Log-Linear,0.348949415,-174317.3199,1456.958257,712376.811,-109463.7156,440587.0783
794,80,OLS,0.748207076,-1.998655433,906.0694824,2954.619371,1099.371497,3416.028231
795,80,Quadratic_all,0.871262387,-10.1158628,647.8768599,5688.65829,1058.935995,5426.065396
796,80,Quadratic_correlated,0.640897265,-1.460309981,1082.054408,2676.290007,1212.899269,3305.625137
797,80,Stepwise,0.73422513,-1.206526673,930.8864303,2534.50323,998.3997218,3003.311034
798,80,RandomForest,0.828535946,0.207334733,747.6981149,1519.088838,1060.37775,2259.980931
799,80,Bagging,0.815249227,0.22161452,776.1271474,1505.343533,1094.463585,2285.173951
800,80,ANN,-5.653855824,-22.76530406,4657.752797,8317.828197,-3877.296131,2406.134075
801,81,Lasso,0.445653759,0.374610389,1333.998279,1397.830216,1133.086729,2241.922702
802,81,Ridge,0.417579276,0.346196689,1367.360801,1429.231734,1134.272968,2267.788684
803,81,Log-Linear,0.399221929,0.124306353,1388.742581,1654.07498,872.4934523,2180.34593
804,81,OLS,0.666466148,0.504416648,1034.74819,1244.335373,1101.530065,2087.275571
805,81,Quadratic_all,0.835341295,-1.443435892,727.0379213,2762.991617,459.0082061,2649.423225
806,81,Quadratic_correlated,0.567620588,0.419185222,1178.140861,1347.094062,1181.08425,2249.033327
807,81,Stepwise,0.656543048,0.504898479,1050.027979,1243.730324,1098.103575,2083.200271
808,81,RandomForest,0.808803295,0.350084567,783.4385142,1424.975895,880.3268152,1996.809041
809,81,Bagging,0.782830857,0.379234777,834.9563555,1392.652561,884.9152563,1974.234904
810,81,ANN,-5.597410658,-7.996684909,4602.051502,5301.763464,-2062.251935,1911.643057
811,82,Lasso,0.462325103,0.363089515,1343.533941,1272.335841,896.9037089,1897.578929
812,82,Ridge,0.417098664,0.332762569,1398.898767,1302.275178,924.6383236,1953.007496
813,82,Log-Linear,0.427242102,-3.540231206,1386.673785,3397.04693,308.481832,3002.66625
814,82,OLS,0.676524398,0.290837467,1042.100315,1342.565408,852.3788249,1907.415325
815,82,Quadratic_all,0.832276386,-20.50900109,750.3879777,7393.884852,-2688.497308,3075.959033
816,82,Quadratic_correlated,0.579225463,0.317971319,1188.539138,1316.630408,838.3335273,1869.458891
817,82,Stepwise,0.659433488,0.390883938,1069.275788,1244.264148,866.2225938,1838.961423
818,82,RandomForest,0.790793902,0.44731572,838.0615811,1185.225859,877.2218094,1800.330072
819,82,Bagging,0.775747396,0.443513652,867.6758495,1189.295619,839.6195912,1759.448993
820,82,ANN,-5.775861198,-17.57768701,4769.479787,6871.608099,-1762.04643,3668.119295
821,83,Lasso,0.447571235,0.377967084,1398.591638,1037.300825,996.4749525,1818.897387
822,83,Ridge,0.411321879,0.376223292,1443.749121,1038.75378,1034.174873,1856.125332
823,83,Log-Linear,0.416976285,-0.228001277,1436.798598,1457.462702,704.6400183,1858.854934
824,83,OLS,0.655648207,0.364765666,1104.215807,1048.250364,1078.360198,1904.400039
825,83,Quadratic_all,0.844399924,-10.50293089,742.2627862,4460.692597,-1329.012976,2125.025521
826,83,Quadratic_correlated,0.579368831,0.093497217,1220.403686,1252.225695,802.3235812,1794.196767
827,83,Stepwise,0.621470418,0.292141718,1157.717766,1106.550399,986.0223489,1862.863127
828,83,RandomForest,0.781269231,0.691171643,880.0507661,730.8977518,1149.102783,1726.461998
829,83,Bagging,0.755253521,0.69020176,930.9171079,732.0445527,1157.617714,1735.210175
830,83,ANN,-5.063663062,-25.68145938,4633.618944,6793.644705,-1092.185078,4294.629762
831,84,Lasso,0.391323143,0.400349395,1349.875516,1532.928422,823.3826233,1984.988828
832,84,Ridge,0.392439064,0.374432636,1348.637548,1565.704429,782.3262715,1963.301517
833,84,Log-Linear,0.566435604,-0.453154866,1139.271232,2386.320041,593.1325482,2468.479121
834,84,OLS,0.734887155,0.000381163,890.8728239,1979.201239,661.9987059,2194.766577
835,84,Quadratic_all,0.907087357,-9.946104575,527.3970932,6549.415373,-2329.404113,2693.73012
836,84,Quadratic_correlated,0.554485469,0.371204444,1154.865114,1569.739079,719.5162957,1884.018971
837,84,Stepwise,0.723825423,-0.004127584,909.2685589,1983.659777,780.6511566,2336.372315
838,84,RandomForest,0.780884385,0.4177394,809.9104255,1510.537252,890.0060449,2047.948862
839,84,Bagging,0.763342442,0.385066903,841.7061773,1552.339372,863.4135802,2053.449115
840,84,ANN,-7.293795309,-31.60811942,4982.840456,11304.09021,-3972.307261,4929.064902
841,85,Lasso,0.486865265,-0.068538264,1349.144542,1223.597835,1302.264737,2138.63547
842,85,Ridge,0.449248496,-0.124818529,1397.721417,1255.407999,1360.330801,2197.703525
843,85,Log-Linear,0.151422644,-87.35317997,1734.956112,11126.40215,-564.2226384,8013.942798
844,85,OLS,0.691903126,-0.941431743,1045.409447,1649.319234,1241.455491,2415.20401
845,85,Quadratic_all,0.904911923,-517.1699927,580.7721817,26945.09941,-10067.05371,11307.28386
846,85,Quadratic_correlated,0.614545303,-1.181019507,1169.30941,1748.128831,1210.08024,2466.902252
847,85,Stepwise,0.657008239,-1.207256913,1103.023126,1758.612288,1143.872553,2428.309673
848,85,RandomForest,0.788510331,0.20125542,866.1385183,1057.907321,1242.665635,1977.62791
849,85,Bagging,0.770032298,0.249478111,903.1839192,1025.475626,1244.912417,1954.944318
850,85,ANN,-5.724971193,-20.44119272,4884.138695,5481.105113,-1353.324255,2989.553702
851,86,Lasso,0.513719835,-0.046810939,1327.58191,1262.876978,1519.767497,2500.627105
852,86,Ridge,0.458589905,0.06761657,1400.816418,1191.857115,1501.829794,2431.997997
853,86,Log-Linear,-0.087208539,-10.26057503,1985.063829,4141.972434,272.0804347,3555.744409
854,86,OLS,0.742492504,-0.93398453,966.079766,1716.537983,1171.840576,2531.434981
855,86,Quadratic_all,0.877473101,-25.5027128,666.3981293,6354.363942,-2001.844388,2935.299944
856,86,Quadratic_correlated,0.61697047,-0.715182143,1178.241125,1616.523577,1207.879677,2488.156901
857,86,Stepwise,0.718912636,-1.061399847,1009.342847,1772.180852,1057.663322,2463.6622
858,86,RandomForest,0.818798498,0.139121932,810.3990902,1145.243253,1341.572007,2249.543174
859,86,Bagging,0.80367318,0.11425133,843.5442396,1161.668397,1349.475212,2270.000682
860,86,ANN,-5.247259268,-30.52195581,4758.420451,6930.004201,-2930.07757,2320.148955
861,87,Lasso,0.435506892,0.491089361,1286.831288,1459.48692,1340.520335,2490.061632
862,87,Ridge,0.375513439,0.4646908,1353.486219,1496.862111,1243.019717,2428.173828
863,87,Log-Linear,0.45339894,-29.34649194,1266.273519,11270.25361,-388.9637767,8372.351743
864,87,OLS,0.632470543,0.40317119,1038.337087,1580.53578,1435.419888,2664.988881
865,87,Quadratic_all,0.819462616,-30.96838478,727.7393562,11567.50748,-6686.278229,1882.722393
866,87,Quadratic_correlated,0.556093346,0.166143023,1141.137868,1868.207991,1517.177834,2947.021473
867,87,Stepwise,0.601136935,0.380203349,1081.693452,1610.660673,1342.631956,2606.848212
868,87,RandomForest,0.741535113,0.707565227,870.7491628,1106.353587,1617.902292,2462.696322
869,87,Bagging,0.727010048,0.680869011,894.8816875,1155.750077,1551.889644,2445.558645
870,87,ANN,-7.164323416,-15.44553498,4893.869565,8296.662906,271.5111607,6706.029196
871,88,Lasso,0.466569268,0.384761865,1325.808283,1294.052468,1367.435147,2339.234314
872,88,Ridge,0.415880041,0.338871118,1387.371391,1341.446408,1357.28651,2366.483015
873,88,Log-Linear,-0.220718041,-259.9067582,2005.623425,26648.5097,-2993.730333,17627.41702
874,88,OLS,0.699511114,-0.4937979,995.0752373,2016.397658,1382.247918,2883.430081
875,88,Quadratic_all,0.833817617,-20.55777155,740.004232,7660.060413,309.3843674,6211.790757
876,88,Quadratic_correlated,0.566374663,0.018166878,1195.360876,1634.741551,1214.035506,2470.320117
877,88,Stepwise,0.67543547,-0.741514262,1034.170725,2177.177211,1449.439322,3051.349193
878,88,RandomForest,0.78601248,0.442364352,839.7227789,1231.985302,1499.861395,2389.974286
879,88,Bagging,0.774805497,0.469605081,861.4312144,1201.517054,1522.018519,2382.726747
880,88,ANN,-5.884123002,-12.55551003,4762.840331,6074.187497,-1425.433687,3379.949765
881,89,Lasso,0.496571462,-0.030973943,1330.598781,1349.556867,803.3262425,1873.718789
882,89,Ridge,0.479450343,-0.064744652,1353.035801,1371.481894,802.5386654,1890.164096
883,89,Log-Linear,0.566666942,-22.98755969,1234.494379,6509.691074,-178.8437834,4916.460747
884,89,OLS,0.71191447,-1.743536561,1006.558286,2201.520434,243.8018456,1983.807844
885,89,Quadratic_all,0.864877732,-69.7014126,689.352999,11175.87126,-2363.09099,6483.392965
886,89,Quadratic_correlated,0.573600467,-0.507226075,1224.578319,1631.760982,1349.627953,2540.643566
887,89,Stepwise,0.710448264,-1.552184949,1009.116466,2123.358947,395.4082054,2079.169143
888,89,RandomForest,0.791905572,0.265916977,855.4771842,1138.780272,1246.52501,2101.421475
889,89,Bagging,0.776646963,0.295396971,886.2865051,1115.679871,1247.071533,2084.781578
890,89,ANN,-5.77722841,-35.96571026,4882.072981,8081.032853,-3150.150309,3178.811154
891,90,Lasso,0.48920577,-1.973176104,1376.831499,1149.153551,1110.96599,1891.894708
892,90,Ridge,0.450267433,-1.95278473,1428.346368,1145.206066,1175.563312,1927.371748
893,90,Log-Linear,0.476385587,-271.1082055,1394.002645,10993.56543,-683.7462875,7782.879444
894,90,OLS,0.683122225,-5.063518727,1084.435414,1641.081343,754.2490643,2001.798552
895,90,Quadratic_all,0.859622766,-227.8842232,721.7821572,10082.67284,-4738.602335,3145.606568
896,90,Quadratic_correlated,0.608669892,-3.350824066,1205.117611,1390.123892,833.8628563,1878.03578
897,90,Stepwise,0.675800206,-4.144172129,1096.892757,1511.560354,746.9285195,1900.063344
898,90,RandomForest,0.799685553,-1.48587822,862.2117527,1050.770015,891.2877404,1670.765309
899,90,Bagging,0.790869032,-1.404285703,880.9818792,1033.381741,913.7412589,1674.369414
900,90,ANN,-5.313487813,-138.4401583,4840.525083,7869.763478,771.147661,6611.451929
901,91,Lasso,0.460004186,0.46079886,1323.961847,1264.295606,1602.65673,2581.039188
902,91,Ridge,0.400046633,0.459635688,1395.529497,1265.65855,1520.151883,2511.344648
903,91,Log-Linear,0.475995452,-37.72800134,1304.210827,10714.84197,648.5868734,8826.746794
904,91,OLS,0.684827133,0.027277989,1011.473909,1698.116959,1494.304288,2814.095893
905,91,Quadratic_all,0.81982246,-4.860867649,764.7695704,4168.254088,441.8745964,3741.491544
906,91,Quadratic_correlated,0.556729272,0.227503256,1199.54018,1513.287889,1540.737417,2715.082322
907,91,Stepwise,0.678382851,-0.101960387,1021.762294,1807.408078,1523.497108,2920.297687
908,91,RandomForest,0.756722058,0.784698264,888.6518298,798.9084113,1552.529282,2184.831361
909,91,Bagging,0.72613463,0.765002485,942.8635202,834.6508936,1525.604487,2186.913958
910,91,ANN,-5.991853485,-10.60546354,4764.051337,5865.49236,-2166.837159,2272.192512
911,92,Lasso,0.457554618,0.303977781,1260.003819,1676.639862,654.8876493,1814.745393
912,92,Ridge,0.435772094,0.287027312,1285.053279,1696.932949,673.5615948,1866.961232
913,92,Log-Linear,0.60976134,-3.945483182,1068.70785,4469.228918,375.1354761,3920.184712
914,92,OLS,0.671535111,-0.029105793,980.4790756,2038.723116,794.1259765,2367.06789
915,92,Quadratic_all,0.82358794,-7.628378536,718.5516474,5903.272492,-512.5144167,4167.525397
916,92,Quadratic_correlated,0.544470416,0.479761099,1154.654751,1449.538142,934.9585667,1983.016092
917,92,Stepwise,0.64882207,0.103530405,1013.812078,1902.812597,725.1322947,2153.355783
918,92,RandomForest,0.775376192,0.611892467,810.8149474,1251.999836,1194.769562,2138.95115
919,92,Bagging,0.756987255,0.587654282,843.3510283,1290.502886,1174.080027,2149.004213
920,92,ANN,-7.172945442,-26.88748414,4890.836598,10612.87145,-4185.640269,4065.36906
921,93,Lasso,0.479952584,0.305382156,1299.786613,1406.72357,1171.443779,2264.99126
922,93,Ridge,0.442395701,0.306764322,1345.90264,1405.323308,1136.422033,2222.062801
923,93,Log-Linear,0.593548685,-36287.43546,1149.092142,321528.8288,-48866.64716,199506.9024
924,93,OLS,0.706784399,-1.439087216,975.9872081,2636.024614,1459.93197,3515.129794
925,93,Quadratic_all,0.869902284,-155.2784902,650.1078708,21100.14306,-6681.60039,10057.01627
926,93,Quadratic_correlated,0.55591499,-0.115474795,1201.112386,1782.648332,1647.668274,3035.670068
927,93,Stepwise,0.690906524,-1.610864093,1002.06411,2727.268705,1417.978599,3547.487151
928,93,RandomForest,0.774480953,0.565297361,855.9377923,1112.837968,1500.368814,2382.066098
929,93,Bagging,0.756309553,0.578652173,889.7537783,1095.610474,1458.851321,2323.851592
930,93,ANN,-6.141621836,-19.944646,4816.693514,7724.534347,-3939.135703,1660.665753
931,94,Lasso,0.385082881,0.55475298,1304.389526,1402.122669,1472.667402,2569.438601
932,94,Ridge,0.332752321,0.502780885,1358.759353,1481.697024,1370.020168,2519.442204
933,94,Log-Linear,0.526470164,-83.82251925,1144.649927,19352.67859,-552.1356875,14353.06329
934,94,OLS,0.682345826,-0.520988432,937.5108311,2591.483547,2056.741156,4017.053547
935,94,Quadratic_all,0.84572701,-20.65982569,653.3470879,9779.417314,528.6780907,8112.497312
936,94,Quadratic_correlated,0.481111681,0.388390339,1198.218327,1643.321998,1829.941563,3121.926015
937,94,Stepwise,0.645435802,-0.546408564,990.4816885,2613.04942,2186.06161,4131.382982
938,94,RandomForest,0.735422108,0.779661915,855.6098718,986.3482658,1868.6537,2651.194938
939,94,Bagging,0.706239903,0.767725798,901.5616135,1012.712076,1807.506759,2610.122833
940,94,ANN,-7.161962305,-6.603230346,4752.217432,5794.081162,-321.9554366,4269.523434
941,95,Lasso,0.38583793,0.361950677,1452.536366,1056.416714,1228.763755,1947.748948
942,95,Ridge,0.389191704,0.315049576,1448.564982,1094.555297,1223.52925,1972.982078
943,95,Log-Linear,0.602320344,-1.02713341,1168.832304,1882.995591,370.4769731,1863.329598
944,95,OLS,0.681093488,-0.924244853,1046.687921,1834.586968,40.58981363,1478.336013
945,95,Quadratic_all,0.880515741,-19.04229067,640.6795567,5920.819419,2048.776786,6087.835596
946,95,Quadratic_correlated,0.521933467,0.450426145,1281.532693,980.4403341,1087.036977,1798.180716
947,95,Stepwise,0.661939526,-0.240024189,1077.662365,1472.730279,297.643216,1458.519375
948,95,RandomForest,0.764808319,0.604991241,898.8691951,831.211418,1210.424227,1767.990558
949,95,Bagging,0.754903073,0.590577435,917.6022119,846.2409261,1207.085953,1777.251837
950,95,ANN,-5.86409643,-32.08141552,4855.983547,7606.768153,-2075.504834,3958.997412
951,96,Lasso,0.452168661,0.495508718,1362.001592,1100.932481,1230.239377,2093.310153
952,96,Ridge,0.399170218,0.491011111,1426.362474,1105.829071,1238.541198,2104.321829
953,96,Log-Linear,0.494225654,-0.956839469,1308.677324,2168.260467,469.582046,2184.83245
954,96,OLS,0.705444695,-0.07624278,998.7058721,1608.01086,500.7125811,1742.035451
955,96,Quadratic_all,0.865999883,-55.66428517,673.6072735,11667.7888,-5982.621361,2962.629945
956,96,Quadratic_correlated,0.559220888,0.374419026,1221.700303,1225.958073,1072.740195,2043.986377
957,96,Stepwise,0.68889835,-0.001130578,1026.373276,1550.883642,556.3179547,1757.619086
958,96,RandomForest,0.788016771,0.625911619,847.2370314,948.0275577,1197.200254,1946.700234
959,96,Bagging,0.765662733,0.624751199,890.7890285,949.4968071,1205.420937,1955.493316
960,96,ANN,-5.905135419,-24.41866624,4835.487653,7814.662586,-3113.83923,2959.831666
961,97,Lasso,0.478515088,0.191794782,1320.994781,1449.353348,965.7173195,2112.589637
962,97,Ridge,0.449588856,0.2244148,1357.137457,1419.803393,1001.064583,2125.688445
963,97,Log-Linear,0.521420103,-0.46260142,1265.486318,1949.738864,618.7590282,2151.966641
964,97,OLS,0.677962717,-0.23144746,1038.08593,1789.045544,971.347575,2390.440718
965,97,Quadratic_all,0.833834187,-4.235021417,745.6775472,3688.694468,1737.030292,4431.319582
966,97,Quadratic_correlated,0.541685306,0.375579222,1238.403352,1273.949246,1295.596187,2298.985334
967,97,Stepwise,0.661547436,0.092639512,1064.214403,1535.689394,1063.241289,2281.420974
968,97,RandomForest,0.79008511,0.512633948,838.1115992,1125.488574,1283.125689,2173.559484
969,97,Bagging,0.778268644,0.50544268,861.3780171,1133.76167,1293.085918,2189.284043
970,97,ANN,-6.357217987,-40.15779388,4961.774696,10342.83263,-707.8798345,7386.92005
971,98,Lasso,0.434709148,0.525724666,1316.983415,1306.243938,1338.031397,2373.015091
972,98,Ridge,0.373821706,0.509997249,1386.096068,1327.725445,1272.126751,2320.756788
973,98,Log-Linear,0.485122583,-1.765622631,1256.887042,3154.318035,1458.464341,3889.034159
974,98,OLS,0.63474807,0.55432821,1058.6212,1266.241641,1850.820136,2802.848377
975,98,Quadratic_all,0.83528356,-85.24413717,710.9070169,17614.64154,-8138.536445,5605.644394
976,98,Quadratic_correlated,0.56173931,0.2904195,1159.606353,1597.753785,1401.702607,2666.242669
977,98,Stepwise,0.591772342,0.483723981,1119.168659,1362.856078,1581.293652,2651.559226
978,98,RandomForest,0.74885347,0.798668418,877.8249458,851.0693929,1630.733669,2304.997316
979,98,Bagging,0.729919961,0.783703516,910.312636,882.1323495,1592.627827,2292.315795
980,98,ANN,-6.727944372,-8.689290751,4869.409748,5904.117785,-2174.668076,2266.644813
981,99,Lasso,0.506667338,0.061995455,1298.43608,1476.611167,903.089686,2058.667445
982,99,Ridge,0.476746024,0.038647663,1337.232456,1494.875315,898.3936813,2069.026686
983,99,Log-Linear,0.49266757,0.105328589,1316.730672,1442.100267,747.35582,1839.385012
984,99,OLS,0.66781192,0.118807524,1065.473524,1431.195847,1309.711264,2438.882985
985,99,Quadratic_all,0.875455457,-17.12513199,652.398558,6490.89025,-1839.852851,3245.833519
986,99,Quadratic_correlated,0.574527096,0.132285902,1205.831415,1420.208161,1006.539018,2126.385413
987,99,Stepwise,0.628433377,0.179336615,1126.85747,1381.167039,1280.712419,2373.424905
988,99,RandomForest,0.792864071,0.421024531,841.353214,1160.095544,1079.528842,1987.484283
989,99,Bagging,0.772869233,0.420358077,881.0257944,1160.76304,1074.611168,1982.43843
990,99,ANN,-5.734988955,-17.8199033,4797.545298,6614.124583,-1288.019283,3950.250901
991,100,Lasso,0.454110646,0.417388548,1254.460465,1491.501603,1492.940348,2655.61512
992,100,Ridge,0.379849588,0.443352374,1337.067044,1457.888788,1445.408569,2569.341484
993,100,Log-Linear,0.458805341,-11136.01709,1249.054583,206214.2432,-27173.61354,131580.1085
994,100,OLS,0.675239932,-0.44562891,967.5779849,2349.430639,1851.662753,3686.041815
995,100,Quadratic_all,0.848330638,-80.91981317,661.2315931,17685.96219,-4528.874952,9502.414328
996,100,Quadratic_correlated,0.552213899,-0.015594973,1136.161244,1969.221129,1258.14175,2799.324694
997,100,Stepwise,0.662744852,-0.343862107,986.0159957,2265.226167,1786.287114,3565.004019
998,100,RandomForest,0.766735552,0.623704847,820.0284932,1198.666941,1591.774947,2512.602521
999,100,Bagging,0.746000001,0.609749575,855.6999837,1220.691465,1526.156405,2450.749852
1000,100,ANN,-7.212901971,-13.46328419,4865.785791,7431.349305,-2074.625261,3692.83529
