"","Iteration","Model_Type","Accuracy_Train","Accuracy_Test","Precision","Recall","F1_Score"
"1",1,"Logistic",0.988095238095238,0.7,0.4,0.4,0.4
"2",1,"Random Forest",0.988095238095238,0.65,0.333333333333333,0.4,0.363636363636364
"3",1,"ANN",0.952380952380952,0.75,0.5,0.4,0.444444444444444
"4",2,"Logistic",0.904761904761905,0.8,0.571428571428571,0.8,0.666666666666667
"5",2,"Random Forest",1,0.9,0.8,0.8,0.8
"6",2,"ANN",0.94047619047619,0.75,0.5,0.8,0.615384615384615
"7",3,"Logistic",0.892857142857143,0.95,1,0.8,0.888888888888889
"8",3,"Random Forest",0.988095238095238,0.95,1,0.8,0.888888888888889
"9",3,"ANN",0.94047619047619,0.8,0.571428571428571,0.8,0.666666666666667
"10",4,"Logistic",0.869047619047619,0.85,0.666666666666667,0.8,0.727272727272727
"11",4,"Random Forest",1,0.8,0.666666666666667,0.4,0.5
"12",4,"ANN",0.964285714285714,0.8,0.6,0.6,0.6
"13",5,"Logistic",0.880952380952381,0.9,0.8,0.8,0.8
"14",5,"Random Forest",0.988095238095238,0.9,0.714285714285714,1,0.833333333333333
"15",5,"ANN",0.916666666666667,0.8,0.666666666666667,0.4,0.5
"16",6,"Logistic",0.892857142857143,0.9,1,0.6,0.75
"17",6,"Random Forest",1,0.8,0.6,0.6,0.6
"18",6,"ANN",0.952380952380952,0.85,0.75,0.6,0.666666666666667
"19",7,"Logistic",0.892857142857143,0.75,0.5,0.6,0.545454545454545
"20",7,"Random Forest",0.988095238095238,0.8,0.6,0.6,0.6
"21",7,"ANN",0.964285714285714,0.8,0.666666666666667,0.4,0.5
"22",8,"Logistic",0.904761904761905,0.9,1,0.6,0.75
"23",8,"Random Forest",0.988095238095238,0.85,0.75,0.6,0.666666666666667
"24",8,"ANN",0.952380952380952,0.75,0.5,1,0.666666666666667
"25",9,"Logistic",0.916666666666667,0.9,1,0.6,0.75
"26",9,"Random Forest",0.988095238095238,0.9,1,0.6,0.75
"27",9,"ANN",0.952380952380952,0.85,0.75,0.6,0.666666666666667
"28",10,"Logistic",0.952380952380952,0.7,0.428571428571429,0.6,0.5
"29",10,"Random Forest",1,0.7,0.428571428571429,0.6,0.5
"30",10,"ANN",0.988095238095238,0.8,0.6,0.6,0.6
"31",11,"Logistic",0.869047619047619,0.9,0.714285714285714,1,0.833333333333333
"32",11,"Random Forest",0.988095238095238,0.95,0.833333333333333,1,0.909090909090909
"33",11,"ANN",0.964285714285714,0.85,0.75,0.6,0.666666666666667
"34",12,"Logistic",0.94047619047619,0.9,0.8,0.8,0.8
"35",12,"Random Forest",1,0.9,0.8,0.8,0.8
"36",12,"ANN",0.916666666666667,0.8,0.666666666666667,0.4,0.5
"37",13,"Logistic",0.928571428571429,0.85,0.666666666666667,0.8,0.727272727272727
"38",13,"Random Forest",1,0.8,0.6,0.6,0.6
"39",13,"ANN",0.952380952380952,0.75,0.5,0.4,0.444444444444444
"40",14,"Logistic",0.916666666666667,0.75,0.5,0.6,0.545454545454545
"41",14,"Random Forest",0.988095238095238,0.85,0.75,0.6,0.666666666666667
"42",14,"ANN",0.928571428571429,0.65,0.375,0.6,0.461538461538462
"43",15,"Logistic",0.904761904761905,0.85,0.666666666666667,0.8,0.727272727272727
"44",15,"Random Forest",0.988095238095238,0.9,0.8,0.8,0.8
"45",15,"ANN",0.988095238095238,0.75,0.5,0.8,0.615384615384615
"46",16,"Logistic",0.892857142857143,0.85,0.75,0.6,0.666666666666667
"47",16,"Random Forest",1,0.85,0.75,0.6,0.666666666666667
"48",16,"ANN",0.988095238095238,0.55,0.25,0.4,0.307692307692308
"49",17,"Logistic",0.869047619047619,0.95,0.833333333333333,1,0.909090909090909
"50",17,"Random Forest",0.988095238095238,0.95,0.833333333333333,1,0.909090909090909
"51",17,"ANN",0.904761904761905,1,1,1,1
"52",18,"Logistic",0.916666666666667,0.9,1,0.6,0.75
"53",18,"Random Forest",0.988095238095238,0.85,0.75,0.6,0.666666666666667
"54",18,"ANN",0.94047619047619,0.85,0.75,0.6,0.666666666666667
"55",19,"Logistic",0.94047619047619,0.85,0.666666666666667,0.8,0.727272727272727
"56",19,"Random Forest",0.988095238095238,0.85,0.666666666666667,0.8,0.727272727272727
"57",19,"ANN",0.964285714285714,0.85,0.666666666666667,0.8,0.727272727272727
"58",20,"Logistic",0.869047619047619,0.85,0.666666666666667,0.8,0.727272727272727
"59",20,"Random Forest",0.988095238095238,0.85,0.666666666666667,0.8,0.727272727272727
"60",20,"ANN",0.952380952380952,0.7,0.333333333333333,0.2,0.25
"61",21,"Logistic",0.904761904761905,0.9,0.8,0.8,0.8
"62",21,"Random Forest",1,0.9,0.8,0.8,0.8
"63",21,"ANN",0.94047619047619,0.85,0.75,0.6,0.666666666666667
"64",22,"Logistic",0.857142857142857,0.9,0.8,0.8,0.8
"65",22,"Random Forest",0.988095238095238,0.85,0.75,0.6,0.666666666666667
"66",22,"ANN",0.928571428571429,0.85,0.666666666666667,0.8,0.727272727272727
"67",23,"Logistic",0.904761904761905,0.95,1,0.8,0.888888888888889
"68",23,"Random Forest",0.988095238095238,0.9,0.8,0.8,0.8
"69",23,"ANN",0.952380952380952,0.9,0.8,0.8,0.8
"70",24,"Logistic",0.928571428571429,0.8,0.555555555555556,1,0.714285714285714
"71",24,"Random Forest",1,0.8,0.555555555555556,1,0.714285714285714
"72",24,"ANN",0.94047619047619,0.9,0.714285714285714,1,0.833333333333333
"73",25,"Logistic",0.916666666666667,0.85,0.75,0.6,0.666666666666667
"74",25,"Random Forest",0.988095238095238,0.9,1,0.6,0.75
"75",25,"ANN",0.94047619047619,0.9,0.8,0.8,0.8
"76",26,"Logistic",0.880952380952381,0.9,0.8,0.8,0.8
"77",26,"Random Forest",0.988095238095238,0.95,1,0.8,0.888888888888889
"78",26,"ANN",0.976190476190476,0.65,0.375,0.6,0.461538461538462
"79",27,"Logistic",0.904761904761905,0.75,0.5,0.6,0.545454545454545
"80",27,"Random Forest",0.988095238095238,0.95,1,0.8,0.888888888888889
"81",27,"ANN",0.964285714285714,0.8,0.571428571428571,0.8,0.666666666666667
"82",28,"Logistic",0.880952380952381,0.9,1,0.6,0.75
"83",28,"Random Forest",1,0.9,1,0.6,0.75
"84",28,"ANN",1,0.85,0.75,0.6,0.666666666666667
"85",29,"Logistic",0.880952380952381,1,1,1,1
"86",29,"Random Forest",0.988095238095238,0.9,0.714285714285714,1,0.833333333333333
"87",29,"ANN",0.904761904761905,0.95,0.833333333333333,1,0.909090909090909
"88",30,"Logistic",0.952380952380952,0.7,0.4,0.4,0.4
"89",30,"Random Forest",0.988095238095238,0.8,0.6,0.6,0.6
"90",30,"ANN",0.964285714285714,0.7,0.4,0.4,0.4
"91",31,"Logistic",0.892857142857143,0.9,0.714285714285714,1,0.833333333333333
"92",31,"Random Forest",1,0.85,0.625,1,0.769230769230769
"93",31,"ANN",0.952380952380952,0.8,0.6,0.6,0.6
"94",32,"Logistic",0.880952380952381,0.75,0.5,0.6,0.545454545454545
"95",32,"Random Forest",1,0.9,0.8,0.8,0.8
"96",32,"ANN",0.976190476190476,0.75,0.5,0.4,0.444444444444444
"97",33,"Logistic",0.904761904761905,0.9,1,0.6,0.75
"98",33,"Random Forest",1,0.9,1,0.6,0.75
"99",33,"ANN",0.94047619047619,0.8,0.6,0.6,0.6
"100",34,"Logistic",0.928571428571429,0.85,0.75,0.6,0.666666666666667
"101",34,"Random Forest",1,0.85,0.75,0.6,0.666666666666667
"102",34,"ANN",0.952380952380952,0.85,0.75,0.6,0.666666666666667
"103",35,"Logistic",0.892857142857143,0.85,0.75,0.6,0.666666666666667
"104",35,"Random Forest",0.988095238095238,0.9,1,0.6,0.75
"105",35,"ANN",0.964285714285714,0.9,0.8,0.8,0.8
"106",36,"Logistic",0.892857142857143,0.85,0.666666666666667,0.8,0.727272727272727
"107",36,"Random Forest",1,0.9,0.8,0.8,0.8
"108",36,"ANN",0.964285714285714,0.7,0.428571428571429,0.6,0.5
"109",37,"Logistic",0.904761904761905,0.8,0.571428571428571,0.8,0.666666666666667
"110",37,"Random Forest",1,0.85,0.666666666666667,0.8,0.727272727272727
"111",37,"ANN",0.964285714285714,0.85,0.75,0.6,0.666666666666667
"112",38,"Logistic",0.916666666666667,0.8,0.666666666666667,0.4,0.5
"113",38,"Random Forest",0.988095238095238,0.75,0.5,0.4,0.444444444444444
"114",38,"ANN",0.952380952380952,0.8,0.666666666666667,0.4,0.5
"115",39,"Logistic",0.904761904761905,0.9,1,0.6,0.75
"116",39,"Random Forest",0.988095238095238,0.9,0.8,0.8,0.8
"117",39,"ANN",0.952380952380952,0.8,0.571428571428571,0.8,0.666666666666667
"118",40,"Logistic",0.928571428571429,0.85,0.666666666666667,0.8,0.727272727272727
"119",40,"Random Forest",0.988095238095238,0.85,0.666666666666667,0.8,0.727272727272727
"120",40,"ANN",0.964285714285714,0.95,0.833333333333333,1,0.909090909090909
"121",41,"Logistic",0.880952380952381,0.9,0.8,0.8,0.8
"122",41,"Random Forest",1,0.95,1,0.8,0.888888888888889
"123",41,"ANN",0.94047619047619,0.65,0.333333333333333,0.4,0.363636363636364
"124",42,"Logistic",0.845238095238095,0.95,1,0.8,0.888888888888889
"125",42,"Random Forest",0.988095238095238,0.95,1,0.8,0.888888888888889
"126",42,"ANN",0.928571428571429,0.85,0.666666666666667,0.8,0.727272727272727
"127",43,"Logistic",0.952380952380952,0.75,0.5,0.4,0.444444444444444
"128",43,"Random Forest",1,0.75,0.5,0.4,0.444444444444444
"129",43,"ANN",0.964285714285714,0.7,0.428571428571429,0.6,0.5
"130",44,"Logistic",0.904761904761905,0.8,0.571428571428571,0.8,0.666666666666667
"131",44,"Random Forest",1,0.85,0.666666666666667,0.8,0.727272727272727
"132",44,"ANN",0.976190476190476,0.8,0.571428571428571,0.8,0.666666666666667
"133",45,"Logistic",0.892857142857143,0.8,0.6,0.6,0.6
"134",45,"Random Forest",0.988095238095238,0.9,0.8,0.8,0.8
"135",45,"ANN",0.94047619047619,0.9,0.8,0.8,0.8
"136",46,"Logistic",0.928571428571429,0.7,0.428571428571429,0.6,0.5
"137",46,"Random Forest",1,0.85,0.666666666666667,0.8,0.727272727272727
"138",46,"ANN",0.964285714285714,0.75,0.5,0.8,0.615384615384615
"139",47,"Logistic",0.892857142857143,0.95,1,0.8,0.888888888888889
"140",47,"Random Forest",0.988095238095238,0.95,1,0.8,0.888888888888889
"141",47,"ANN",0.94047619047619,0.9,0.8,0.8,0.8
"142",48,"Logistic",0.916666666666667,0.8,0.571428571428571,0.8,0.666666666666667
"143",48,"Random Forest",0.988095238095238,0.85,0.666666666666667,0.8,0.727272727272727
"144",48,"ANN",0.964285714285714,0.85,0.666666666666667,0.8,0.727272727272727
"145",49,"Logistic",0.928571428571429,0.75,0.5,1,0.666666666666667
"146",49,"Random Forest",1,0.9,0.714285714285714,1,0.833333333333333
"147",49,"ANN",0.952380952380952,0.85,0.75,0.6,0.666666666666667
"148",50,"Logistic",0.928571428571429,0.9,0.714285714285714,1,0.833333333333333
"149",50,"Random Forest",0.988095238095238,0.85,0.666666666666667,0.8,0.727272727272727
"150",50,"ANN",0.964285714285714,0.7,0.428571428571429,0.6,0.5
"151",51,"Logistic",0.928571428571429,0.8,0.666666666666667,0.4,0.5
"152",51,"Random Forest",0.988095238095238,0.85,0.75,0.6,0.666666666666667
"153",51,"ANN",0.964285714285714,0.9,0.8,0.8,0.8
"154",52,"Logistic",0.952380952380952,0.75,0.5,0.4,0.444444444444444
"155",52,"Random Forest",1,0.75,0.5,0.4,0.444444444444444
"156",52,"ANN",0.976190476190476,0.75,0.5,0.4,0.444444444444444
"157",53,"Logistic",0.952380952380952,0.75,0.5,0.8,0.615384615384615
"158",53,"Random Forest",1,0.85,0.666666666666667,0.8,0.727272727272727
"159",53,"ANN",0.988095238095238,0.75,0.5,0.4,0.444444444444444
"160",54,"Logistic",0.904761904761905,0.9,1,0.6,0.75
"161",54,"Random Forest",0.988095238095238,0.9,1,0.6,0.75
"162",54,"ANN",0.952380952380952,0.85,0.666666666666667,0.8,0.727272727272727
"163",55,"Logistic",0.916666666666667,0.7,0.4,0.4,0.4
"164",55,"Random Forest",0.988095238095238,0.8,0.666666666666667,0.4,0.5
"165",55,"ANN",0.964285714285714,0.6,0,0,NA
"166",56,"Logistic",0.857142857142857,0.9,1,0.6,0.75
"167",56,"Random Forest",0.988095238095238,0.85,0.75,0.6,0.666666666666667
"168",56,"ANN",0.928571428571429,0.85,1,0.4,0.571428571428572
"169",57,"Logistic",0.892857142857143,0.95,1,0.8,0.888888888888889
"170",57,"Random Forest",0.988095238095238,0.9,0.8,0.8,0.8
"171",57,"ANN",0.952380952380952,0.9,0.8,0.8,0.8
"172",58,"Logistic",0.94047619047619,0.7,0.428571428571429,0.6,0.5
"173",58,"Random Forest",0.988095238095238,0.65,0.333333333333333,0.4,0.363636363636364
"174",58,"ANN",0.964285714285714,0.8,0.6,0.6,0.6
"175",59,"Logistic",0.904761904761905,0.85,1,0.4,0.571428571428572
"176",59,"Random Forest",1,0.85,0.75,0.6,0.666666666666667
"177",59,"ANN",0.94047619047619,0.8,0.6,0.6,0.6
"178",60,"Logistic",0.952380952380952,0.75,0.5,0.6,0.545454545454545
"179",60,"Random Forest",1,0.75,0.5,0.6,0.545454545454545
"180",60,"ANN",1,0.85,0.625,1,0.769230769230769
"181",61,"Logistic",0.892857142857143,0.85,0.75,0.6,0.666666666666667
"182",61,"Random Forest",0.988095238095238,0.9,1,0.6,0.75
"183",61,"ANN",0.964285714285714,0.75,0.5,0.8,0.615384615384615
"184",62,"Logistic",0.892857142857143,0.9,0.714285714285714,1,0.833333333333333
"185",62,"Random Forest",0.988095238095238,0.85,0.75,0.6,0.666666666666667
"186",62,"ANN",0.964285714285714,0.75,0.5,0.8,0.615384615384615
"187",63,"Logistic",0.892857142857143,0.7,0.428571428571429,0.6,0.5
"188",63,"Random Forest",0.988095238095238,0.85,0.75,0.6,0.666666666666667
"189",63,"ANN",0.964285714285714,0.8,0.6,0.6,0.6
"190",64,"Logistic",0.857142857142857,0.8,0.571428571428571,0.8,0.666666666666667
"191",64,"Random Forest",0.988095238095238,0.8,0.571428571428571,0.8,0.666666666666667
"192",64,"ANN",0.964285714285714,0.85,0.75,0.6,0.666666666666667
"193",65,"Logistic",0.880952380952381,0.85,0.75,0.6,0.666666666666667
"194",65,"Random Forest",1,0.85,0.75,0.6,0.666666666666667
"195",65,"ANN",0.976190476190476,0.85,0.75,0.6,0.666666666666667
"196",66,"Logistic",0.904761904761905,0.75,0.5,1,0.666666666666667
"197",66,"Random Forest",1,0.9,0.714285714285714,1,0.833333333333333
"198",66,"ANN",0.976190476190476,0.8,0.571428571428571,0.8,0.666666666666667
"199",67,"Logistic",0.94047619047619,0.75,0.5,0.2,0.285714285714286
"200",67,"Random Forest",1,0.75,0.5,0.2,0.285714285714286
"201",67,"ANN",0.976190476190476,0.6,0,0,NA
"202",68,"Logistic",0.916666666666667,0.7,0.4,0.4,0.4
"203",68,"Random Forest",1,0.75,0.5,0.6,0.545454545454545
"204",68,"ANN",0.928571428571429,0.75,0.5,0.6,0.545454545454545
"205",69,"Logistic",0.869047619047619,0.8,0.571428571428571,0.8,0.666666666666667
"206",69,"Random Forest",0.988095238095238,0.95,1,0.8,0.888888888888889
"207",69,"ANN",0.964285714285714,0.75,0.5,0.8,0.615384615384615
"208",70,"Logistic",0.928571428571429,0.85,0.666666666666667,0.8,0.727272727272727
"209",70,"Random Forest",0.988095238095238,0.8,0.571428571428571,0.8,0.666666666666667
"210",70,"ANN",0.964285714285714,0.75,0.5,0.8,0.615384615384615
"211",71,"Logistic",0.928571428571429,0.85,0.666666666666667,0.8,0.727272727272727
"212",71,"Random Forest",0.988095238095238,0.85,0.666666666666667,0.8,0.727272727272727
"213",71,"ANN",0.964285714285714,0.75,0.5,0.4,0.444444444444444
"214",72,"Logistic",0.904761904761905,0.7,0.454545454545455,1,0.625
"215",72,"Random Forest",0.988095238095238,0.8,0.555555555555556,1,0.714285714285714
"216",72,"ANN",0.928571428571429,0.85,0.625,1,0.769230769230769
"217",73,"Logistic",0.880952380952381,0.85,0.666666666666667,0.8,0.727272727272727
"218",73,"Random Forest",0.988095238095238,0.95,1,0.8,0.888888888888889
"219",73,"ANN",0.904761904761905,0.95,1,0.8,0.888888888888889
"220",74,"Logistic",0.869047619047619,0.9,1,0.6,0.75
"221",74,"Random Forest",1,0.8,0.6,0.6,0.6
"222",74,"ANN",0.988095238095238,0.8,0.6,0.6,0.6
"223",75,"Logistic",0.880952380952381,0.9,0.8,0.8,0.8
"224",75,"Random Forest",0.988095238095238,0.95,1,0.8,0.888888888888889
"225",75,"ANN",0.964285714285714,0.75,0.5,0.6,0.545454545454545
"226",76,"Logistic",0.904761904761905,0.85,0.75,0.6,0.666666666666667
"227",76,"Random Forest",0.988095238095238,0.85,0.666666666666667,0.8,0.727272727272727
"228",76,"ANN",0.976190476190476,0.85,0.666666666666667,0.8,0.727272727272727
"229",77,"Logistic",0.952380952380952,0.7,0.4,0.4,0.4
"230",77,"Random Forest",1,0.8,0.6,0.6,0.6
"231",77,"ANN",0.964285714285714,0.75,0.5,0.6,0.545454545454545
"232",78,"Logistic",0.916666666666667,0.9,1,0.6,0.75
"233",78,"Random Forest",0.988095238095238,0.75,NA,0,NA
"234",78,"ANN",0.94047619047619,0.95,0.833333333333333,1,0.909090909090909
"235",79,"Logistic",0.880952380952381,0.9,1,0.6,0.75
"236",79,"Random Forest",0.988095238095238,0.9,1,0.6,0.75
"237",79,"ANN",0.952380952380952,0.8,0.6,0.6,0.6
"238",80,"Logistic",0.892857142857143,0.9,0.8,0.8,0.8
"239",80,"Random Forest",0.988095238095238,0.8,0.571428571428571,0.8,0.666666666666667
"240",80,"ANN",0.952380952380952,0.75,0.5,0.6,0.545454545454545
"241",81,"Logistic",0.988095238095238,0.7,0.4,0.4,0.4
"242",81,"Random Forest",0.988095238095238,0.7,0.4,0.4,0.4
"243",81,"ANN",0.976190476190476,0.7,0.4,0.4,0.4
"244",82,"Logistic",0.904761904761905,0.9,1,0.6,0.75
"245",82,"Random Forest",0.988095238095238,0.85,0.75,0.6,0.666666666666667
"246",82,"ANN",0.976190476190476,0.85,0.666666666666667,0.8,0.727272727272727
"247",83,"Logistic",0.904761904761905,0.95,1,0.8,0.888888888888889
"248",83,"Random Forest",0.988095238095238,0.9,0.8,0.8,0.8
"249",83,"ANN",0.952380952380952,0.85,0.75,0.6,0.666666666666667
"250",84,"Logistic",0.857142857142857,1,1,1,1
"251",84,"Random Forest",0.988095238095238,1,1,1,1
"252",84,"ANN",0.94047619047619,0.7,0.4,0.4,0.4
"253",85,"Logistic",0.916666666666667,0.85,1,0.4,0.571428571428572
"254",85,"Random Forest",0.988095238095238,0.9,1,0.6,0.75
"255",85,"ANN",0.952380952380952,0.8,0.571428571428571,0.8,0.666666666666667
"256",86,"Logistic",0.94047619047619,0.7,0,0,NA
"257",86,"Random Forest",1,0.75,0.5,0.2,0.285714285714286
"258",86,"ANN",0.976190476190476,0.8,0.6,0.6,0.6
"259",87,"Logistic",0.857142857142857,0.95,0.833333333333333,1,0.909090909090909
"260",87,"Random Forest",0.988095238095238,0.9,0.714285714285714,1,0.833333333333333
"261",87,"ANN",0.952380952380952,0.85,0.75,0.6,0.666666666666667
"262",88,"Logistic",0.869047619047619,0.85,0.666666666666667,0.8,0.727272727272727
"263",88,"Random Forest",0.988095238095238,0.95,1,0.8,0.888888888888889
"264",88,"ANN",0.94047619047619,0.8,0.571428571428571,0.8,0.666666666666667
"265",89,"Logistic",0.892857142857143,0.95,1,0.8,0.888888888888889
"266",89,"Random Forest",0.988095238095238,0.85,0.666666666666667,0.8,0.727272727272727
"267",89,"ANN",0.952380952380952,0.95,1,0.8,0.888888888888889
"268",90,"Logistic",0.845238095238095,0.95,1,0.8,0.888888888888889
"269",90,"Random Forest",0.988095238095238,0.95,1,0.8,0.888888888888889
"270",90,"ANN",0.94047619047619,0.8,0.6,0.6,0.6
"271",91,"Logistic",0.892857142857143,0.85,0.75,0.6,0.666666666666667
"272",91,"Random Forest",1,0.9,1,0.6,0.75
"273",91,"ANN",0.964285714285714,0.85,1,0.4,0.571428571428572
"274",92,"Logistic",0.916666666666667,0.7,0.4,0.4,0.4
"275",92,"Random Forest",1,0.7,0.4,0.4,0.4
"276",92,"ANN",0.964285714285714,0.8,0.666666666666667,0.4,0.5
"277",93,"Logistic",0.904761904761905,0.8,0.666666666666667,0.4,0.5
"278",93,"Random Forest",0.988095238095238,0.9,1,0.6,0.75
"279",93,"ANN",0.952380952380952,0.85,0.666666666666667,0.8,0.727272727272727
"280",94,"Logistic",0.892857142857143,0.95,1,0.8,0.888888888888889
"281",94,"Random Forest",0.988095238095238,0.95,1,0.8,0.888888888888889
"282",94,"ANN",0.94047619047619,0.95,1,0.8,0.888888888888889
"283",95,"Logistic",0.916666666666667,0.8,0.6,0.6,0.6
"284",95,"Random Forest",0.988095238095238,0.9,1,0.6,0.75
"285",95,"ANN",0.94047619047619,0.85,0.666666666666667,0.8,0.727272727272727
"286",96,"Logistic",0.880952380952381,0.95,1,0.8,0.888888888888889
"287",96,"Random Forest",0.988095238095238,0.95,1,0.8,0.888888888888889
"288",96,"ANN",0.952380952380952,0.95,1,0.8,0.888888888888889
"289",97,"Logistic",0.916666666666667,0.85,0.75,0.6,0.666666666666667
"290",97,"Random Forest",0.988095238095238,0.85,0.75,0.6,0.666666666666667
"291",97,"ANN",0.952380952380952,0.85,0.75,0.6,0.666666666666667
"292",98,"Logistic",0.892857142857143,0.8,0.6,0.6,0.6
"293",98,"Random Forest",0.988095238095238,0.85,0.75,0.6,0.666666666666667
"294",98,"ANN",0.976190476190476,0.8,0.666666666666667,0.4,0.5
"295",99,"Logistic",0.892857142857143,0.9,0.8,0.8,0.8
"296",99,"Random Forest",0.988095238095238,0.9,0.8,0.8,0.8
"297",99,"ANN",0.916666666666667,0.65,0.25,0.2,0.222222222222222
"298",100,"Logistic",0.869047619047619,0.75,0.5,0.8,0.615384615384615
"299",100,"Random Forest",0.988095238095238,0.85,0.666666666666667,0.8,0.727272727272727
"300",100,"ANN",0.952380952380952,0.8,1,0.2,0.333333333333333
